Action type	Shot type	Shot zone	Shot distance	X	Y	SHOT_MADE_FLAG
Running Dunk Shot	2PT Field Goal	Restricted Area	1	7	8	1
Running Dunk Shot	2PT Field Goal	Restricted Area	1	1	11	1
Driving Floating Bank Jump Shot	2PT Field Goal	In The Paint (Non-RA)	6	-4	61	0
Running Layup Shot	2PT Field Goal	Restricted Area	0	-4	6	1
Putback Layup Shot	2PT Field Goal	Restricted Area	1	12	3	1
Putback Layup Shot	2PT Field Goal	Restricted Area	0	0	-6	1
Driving Layup Shot	2PT Field Goal	Restricted Area	2	-5	21	0
Turnaround Hook Shot	2PT Field Goal	In The Paint (Non-RA)	8	28	78	0
Pullup Jump shot	3PT Field Goal	Above the Break 3	25	-128	225	0
Layup Shot	2PT Field Goal	Restricted Area	1	12	10	1
Pullup Jump shot	3PT Field Goal	Above the Break 3	27	-149	236	0
Jump Shot	3PT Field Goal	Above the Break 3	27	-68	264	0
Running Layup Shot	2PT Field Goal	Restricted Area	1	-12	4	1
Driving Layup Shot	2PT Field Goal	Restricted Area	1	15	2	1
Running Pull-Up Jump Shot	3PT Field Goal	Above the Break 3	25	-85	241	0
Cutting Layup Shot	2PT Field Goal	Restricted Area	1	8	18	1
Pullup Jump shot	2PT Field Goal	Mid-Range	17	43	168	1
Pullup Jump shot	3PT Field Goal	Above the Break 3	25	-135	221	0
Cutting Dunk Shot	2PT Field Goal	Restricted Area	2	16	14	1
Driving Layup Shot	2PT Field Goal	Restricted Area	1	-5	13	1
Running Layup Shot	2PT Field Goal	Restricted Area	0	2	3	1
Driving Layup Shot	2PT Field Goal	Restricted Area	2	6	21	0
Layup Shot	2PT Field Goal	Restricted Area	1	-6	11	1
Driving Layup Shot	2PT Field Goal	Restricted Area	1	8	17	0
Pullup Jump shot	3PT Field Goal	Above the Break 3	27	180	203	0
Driving Layup Shot	2PT Field Goal	Restricted Area	1	0	13	0
Step Back Jump shot	3PT Field Goal	Above the Break 3	26	26	262	1
Jump Shot	3PT Field Goal	Above the Break 3	25	-147	206	0
Running Layup Shot	2PT Field Goal	Restricted Area	2	4	21	1
Cutting Layup Shot	2PT Field Goal	Restricted Area	2	-2	23	1
Fadeaway Jump Shot	2PT Field Goal	Mid-Range	18	-95	155	0
Pullup Jump shot	3PT Field Goal	Above the Break 3	26	-12	268	0
Driving Layup Shot	2PT Field Goal	Restricted Area	2	15	18	1
Jump Shot	3PT Field Goal	Left Corner 3	24	-244	29	0
Driving Layup Shot	2PT Field Goal	Restricted Area	2	-3	27	0
Pullup Jump shot	3PT Field Goal	Above the Break 3	24	114	221	0
Hook Shot	2PT Field Goal	In The Paint (Non-RA)	5	-5	52	0
Driving Layup Shot	2PT Field Goal	Restricted Area	3	5	31	0
Driving Layup Shot	2PT Field Goal	Restricted Area	2	-11	27	0
Driving Layup Shot	2PT Field Goal	Restricted Area	1	-13	7	0
Jump Shot	3PT Field Goal	Above the Break 3	25	-198	155	0
Jump Shot	3PT Field Goal	Above the Break 3	25	-103	237	0
Running Layup Shot	2PT Field Goal	Restricted Area	3	-6	31	0
Running Layup Shot	2PT Field Goal	Restricted Area	1	5	15	0
Driving Layup Shot	2PT Field Goal	In The Paint (Non-RA)	4	-13	39	1
Driving Layup Shot	2PT Field Goal	Restricted Area	2	-13	25	1
Jump Shot	2PT Field Goal	Mid-Range	18	137	126	1
Driving Dunk Shot	2PT Field Goal	Restricted Area	0	3	-2	1
Pullup Jump shot	2PT Field Goal	Mid-Range	21	106	183	1
Jump Shot	3PT Field Goal	Above the Break 3	24	-125	210	0
Jump Shot	3PT Field Goal	Above the Break 3	26	174	195	1
Driving Layup Shot	2PT Field Goal	Restricted Area	2	-8	21	0
Jump Shot	2PT Field Goal	Mid-Range	17	-19	169	1
Jump Shot	3PT Field Goal	Above the Break 3	25	138	214	0
Running Layup Shot	2PT Field Goal	Restricted Area	3	19	25	1
Jump Shot	2PT Field Goal	Mid-Range	15	-98	117	0
Running Pull-Up Jump Shot	3PT Field Goal	Above the Break 3	27	148	237	1
Fadeaway Jump Shot	2PT Field Goal	In The Paint (Non-RA)	11	-25	110	1
Driving Layup Shot	2PT Field Goal	Restricted Area	2	-2	26	0
Jump Shot	3PT Field Goal	Left Corner 3	22	-228	25	0
Floating Jump shot	2PT Field Goal	Restricted Area	2	3	26	0
Driving Floating Jump Shot	2PT Field Goal	Restricted Area	3	9	32	1
Step Back Jump shot	3PT Field Goal	Above the Break 3	25	-169	188	0
Jump Shot	3PT Field Goal	Above the Break 3	24	-41	246	1
Running Layup Shot	2PT Field Goal	Restricted Area	0	7	0	0
Alley Oop Layup shot	2PT Field Goal	Restricted Area	0	7	-1	1
Running Pull-Up Jump Shot	2PT Field Goal	Mid-Range	15	105	113	0
Step Back Jump shot	3PT Field Goal	Above the Break 3	24	-216	113	0
Fadeaway Jump Shot	2PT Field Goal	Mid-Range	14	144	-12	1
Driving Finger Roll Layup Shot	2PT Field Goal	Restricted Area	0	1	8	0
Running Layup Shot	2PT Field Goal	Restricted Area	0	-6	5	1
Driving Layup Shot	2PT Field Goal	Restricted Area	0	-4	4	1
Layup Shot	2PT Field Goal	Restricted Area	0	3	6	1
Jump Shot	3PT Field Goal	Above the Break 3	32	185	269	0
Pullup Jump shot	3PT Field Goal	Above the Break 3	25	-148	212	0
Driving Layup Shot	2PT Field Goal	Restricted Area	0	6	6	0
Pullup Jump shot	2PT Field Goal	Mid-Range	15	-100	122	0
Step Back Jump shot	3PT Field Goal	Above the Break 3	26	-202	165	0
Pullup Jump shot	2PT Field Goal	Mid-Range	17	114	130	1
Running Layup Shot	2PT Field Goal	Restricted Area	1	12	15	1
Jump Shot	3PT Field Goal	Above the Break 3	30	-62	294	0
Cutting Layup Shot	2PT Field Goal	Restricted Area	0	-3	8	1
Step Back Jump shot	3PT Field Goal	Left Corner 3	22	-228	-5	0
Running Dunk Shot	2PT Field Goal	Restricted Area	2	7	19	1
Layup Shot	2PT Field Goal	Restricted Area	1	7	8	1
Fadeaway Jump Shot	2PT Field Goal	Mid-Range	9	-90	0	1
Finger Roll Layup Shot	2PT Field Goal	Restricted Area	1	8	6	1
Jump Shot	2PT Field Goal	Mid-Range	16	-32	162	0
Jump Shot	3PT Field Goal	Above the Break 3	25	-186	174	0
Layup Shot	2PT Field Goal	Restricted Area	1	3	10	1
Jump Shot	3PT Field Goal	Above the Break 3	25	76	248	1
Jump Shot	3PT Field Goal	Above the Break 3	27	-95	258	0
Fadeaway Jump Shot	2PT Field Goal	In The Paint (Non-RA)	8	-30	78	0
Running Dunk Shot	2PT Field Goal	Restricted Area	0	-7	4	1
Jump Shot	2PT Field Goal	Mid-Range	13	116	62	0
Driving Layup Shot	2PT Field Goal	Restricted Area	1	0	16	1
Fadeaway Jump Shot	2PT Field Goal	Mid-Range	10	-100	-15	1
Step Back Jump shot	2PT Field Goal	Mid-Range	17	153	83	1
Layup Shot	2PT Field Goal	Restricted Area	0	0	-6	1
Pullup Jump shot	3PT Field Goal	Above the Break 3	25	14	251	0
Jump Shot	3PT Field Goal	Above the Break 3	24	-199	146	0
Running Dunk Shot	2PT Field Goal	Restricted Area	1	7	14	1
Driving Layup Shot	2PT Field Goal	Restricted Area	0	-3	0	1
Pullup Jump shot	2PT Field Goal	Mid-Range	18	-153	102	1
Pullup Jump shot	2PT Field Goal	Mid-Range	19	0	196	0
Driving Layup Shot	2PT Field Goal	Restricted Area	0	-7	7	1
Fadeaway Jump Shot	2PT Field Goal	Mid-Range	16	165	37	1
Pullup Jump shot	3PT Field Goal	Above the Break 3	25	-149	202	1
Driving Floating Bank Jump Shot	2PT Field Goal	In The Paint (Non-RA)	10	-3	104	0
Putback Layup Shot	2PT Field Goal	Restricted Area	0	0	-6	1
Fadeaway Jump Shot	2PT Field Goal	Mid-Range	13	120	58	0
Floating Jump shot	2PT Field Goal	In The Paint (Non-RA)	11	6	112	0
Jump Shot	3PT Field Goal	Above the Break 3	26	-136	223	1
Jump Shot	3PT Field Goal	Above the Break 3	24	85	230	0
Cutting Dunk Shot	2PT Field Goal	Restricted Area	1	-8	11	1
Driving Finger Roll Layup Shot	2PT Field Goal	Restricted Area	0	5	4	1
Pullup Jump shot	3PT Field Goal	Above the Break 3	30	-157	264	0
Driving Layup Shot	2PT Field Goal	Restricted Area	2	-13	21	0
Layup Shot	2PT Field Goal	Restricted Area	1	14	5	0
Tip Layup Shot	2PT Field Goal	Restricted Area	0	0	-6	0
Layup Shot	2PT Field Goal	Restricted Area	1	15	12	0
Jump Shot	3PT Field Goal	Above the Break 3	25	180	181	0
Turnaround Fadeaway shot	2PT Field Goal	In The Paint (Non-RA)	7	40	68	1
Running Layup Shot	2PT Field Goal	Restricted Area	1	-6	15	0
Layup Shot	2PT Field Goal	Restricted Area	1	6	17	1
Putback Dunk Shot	2PT Field Goal	Restricted Area	0	0	-6	1
Layup Shot	2PT Field Goal	Restricted Area	1	-5	13	1
Reverse Layup Shot	2PT Field Goal	Restricted Area	1	-4	10	0
Step Back Jump shot	2PT Field Goal	Mid-Range	12	-90	80	1
Turnaround Fadeaway shot	2PT Field Goal	Mid-Range	13	-118	72	0
Pullup Jump shot	3PT Field Goal	Above the Break 3	24	94	226	1
Jump Shot	3PT Field Goal	Above the Break 3	25	-64	247	0
Step Back Jump shot	2PT Field Goal	Mid-Range	21	202	83	1
Fadeaway Jump Shot	3PT Field Goal	Above the Break 3	24	223	90	1
Pullup Jump shot	2PT Field Goal	Mid-Range	17	-84	150	1
Jump Shot	2PT Field Goal	Mid-Range	21	-76	201	0
Jump Shot	3PT Field Goal	Right Corner 3	23	224	82	1
Reverse Layup Shot	2PT Field Goal	Restricted Area	1	5	11	0
Driving Layup Shot	2PT Field Goal	Restricted Area	0	-2	6	1
Jump Shot	3PT Field Goal	Left Corner 3	22	-223	9	0
Step Back Jump shot	2PT Field Goal	Mid-Range	10	99	15	1
Turnaround Fadeaway shot	2PT Field Goal	In The Paint (Non-RA)	13	36	134	1
Running Layup Shot	2PT Field Goal	Restricted Area	1	11	4	0
Layup Shot	2PT Field Goal	Restricted Area	1	-6	8	1
Running Finger Roll Layup Shot	2PT Field Goal	Restricted Area	1	8	14	1
Driving Layup Shot	2PT Field Goal	Restricted Area	1	7	9	1
Driving Floating Bank Jump Shot	2PT Field Goal	In The Paint (Non-RA)	6	67	14	0
Jump Shot	3PT Field Goal	Right Corner 3	23	222	76	1
Step Back Jump shot	3PT Field Goal	Above the Break 3	25	-175	184	1
Step Back Jump shot	2PT Field Goal	Mid-Range	19	-191	22	0
Running Pull-Up Jump Shot	3PT Field Goal	Above the Break 3	29	-14	294	0
Driving Layup Shot	2PT Field Goal	Restricted Area	1	-1	12	1
Running Layup Shot	2PT Field Goal	Restricted Area	1	-5	17	1
Step Back Jump shot	2PT Field Goal	Mid-Range	19	59	181	1
Turnaround Jump Shot	2PT Field Goal	Mid-Range	18	-175	73	0
Jump Shot	2PT Field Goal	Mid-Range	19	150	122	0
Running Layup Shot	2PT Field Goal	Restricted Area	1	13	11	1
Turnaround Jump Shot	2PT Field Goal	Mid-Range	18	123	141	0
Turnaround Bank Hook Shot	2PT Field Goal	Restricted Area	1	-11	8	0
Jump Shot	3PT Field Goal	Above the Break 3	24	123	215	0
Driving Layup Shot	2PT Field Goal	Restricted Area	2	-18	14	0
Driving Floating Bank Jump Shot	2PT Field Goal	Restricted Area	3	3	37	1
Floating Jump shot	2PT Field Goal	In The Paint (Non-RA)	13	-38	131	1
Fadeaway Jump Shot	2PT Field Goal	Mid-Range	16	109	125	1
Running Layup Shot	2PT Field Goal	Restricted Area	2	11	24	0
Pullup Jump shot	2PT Field Goal	Mid-Range	16	-81	143	0
Driving Layup Shot	2PT Field Goal	Restricted Area	2	25	3	1
Jump Shot	2PT Field Goal	Restricted Area	1	-8	16	0
Step Back Jump shot	3PT Field Goal	Above the Break 3	24	121	216	0
Driving Finger Roll Layup Shot	2PT Field Goal	Restricted Area	2	-16	17	0
Jump Shot	3PT Field Goal	Above the Break 3	29	-165	246	1
Driving Layup Shot	2PT Field Goal	Restricted Area	0	4	8	1
Jump Shot	3PT Field Goal	Above the Break 3	28	-164	230	0
Cutting Layup Shot	2PT Field Goal	Restricted Area	1	-11	1	0
Fadeaway Jump Shot	2PT Field Goal	Mid-Range	18	-183	6	1
Pullup Jump shot	2PT Field Goal	Mid-Range	16	47	158	0
Driving Dunk Shot	2PT Field Goal	Restricted Area	0	-2	-5	1
Driving Finger Roll Layup Shot	2PT Field Goal	Restricted Area	0	-7	4	1
Jump Shot	3PT Field Goal	Above the Break 3	34	-112	323	0
Floating Jump shot	2PT Field Goal	Restricted Area	3	-18	35	0
Driving Layup Shot	2PT Field Goal	Restricted Area	1	17	10	0
Driving Floating Jump Shot	2PT Field Goal	Restricted Area	2	-2	29	1
Driving Floating Bank Jump Shot	2PT Field Goal	Restricted Area	3	24	24	0
Running Layup Shot	2PT Field Goal	In The Paint (Non-RA)	5	18	51	1
Jump Shot	3PT Field Goal	Above the Break 3	27	154	231	0
Floating Jump shot	2PT Field Goal	Restricted Area	2	5	21	0
Driving Layup Shot	2PT Field Goal	Restricted Area	1	-2	14	1
Fadeaway Jump Shot	2PT Field Goal	Mid-Range	13	-137	16	1
Jump Shot	3PT Field Goal	Above the Break 3	25	182	183	1
Jump Shot	3PT Field Goal	Above the Break 3	30	168	260	1
Turnaround Fadeaway shot	2PT Field Goal	Mid-Range	21	-67	204	0
Step Back Jump shot	2PT Field Goal	Mid-Range	17	-113	140	1
Running Layup Shot	2PT Field Goal	Restricted Area	1	-2	14	1
Jump Shot	3PT Field Goal	Above the Break 3	27	137	240	0
Layup Shot	2PT Field Goal	In The Paint (Non-RA)	4	-30	36	0
Layup Shot	2PT Field Goal	Restricted Area	2	12	20	0
Driving Layup Shot	2PT Field Goal	Restricted Area	0	0	3	1
Driving Layup Shot	2PT Field Goal	Restricted Area	1	-2	14	1
Reverse Layup Shot	2PT Field Goal	Restricted Area	1	-10	10	1
Jump Shot	3PT Field Goal	Above the Break 3	27	52	271	1
Jump Shot	3PT Field Goal	Above the Break 3	29	-44	288	0
Layup Shot	2PT Field Goal	Restricted Area	2	-13	21	0
Jump Shot	2PT Field Goal	Mid-Range	19	-198	25	1
Running Pull-Up Jump Shot	3PT Field Goal	Above the Break 3	25	-8	251	0
Step Back Jump shot	2PT Field Goal	Mid-Range	19	93	168	0
Jump Shot	3PT Field Goal	Above the Break 3	26	-161	212	1
Jump Shot	3PT Field Goal	Left Corner 3	22	-228	21	0
Jump Shot	3PT Field Goal	Above the Break 3	25	128	221	1
Jump Shot	2PT Field Goal	Mid-Range	14	85	121	0
Fadeaway Jump Shot	2PT Field Goal	In The Paint (Non-RA)	7	-25	71	1
Jump Shot	3PT Field Goal	Above the Break 3	25	-83	244	0
Jump Shot	3PT Field Goal	Above the Break 3	29	-174	232	0
Cutting Layup Shot	2PT Field Goal	Restricted Area	2	20	5	1
Driving Layup Shot	2PT Field Goal	Restricted Area	2	16	16	1
Step Back Jump shot	3PT Field Goal	Above the Break 3	26	-125	235	1
Step Back Jump shot	3PT Field Goal	Above the Break 3	28	-136	248	0
Fadeaway Jump Shot	2PT Field Goal	In The Paint (Non-RA)	8	-2	86	0
Driving Layup Shot	2PT Field Goal	Restricted Area	2	16	18	1
Layup Shot	2PT Field Goal	Restricted Area	1	5	16	0
Putback Layup Shot	2PT Field Goal	Restricted Area	1	3	13	1
Pullup Jump shot	3PT Field Goal	Above the Break 3	28	-50	279	1
Jump Shot	3PT Field Goal	Above the Break 3	25	-84	236	0
Alley Oop Dunk Shot	2PT Field Goal	Restricted Area	2	27	10	1
Step Back Jump shot	3PT Field Goal	Above the Break 3	26	-131	226	1
Step Back Jump shot	3PT Field Goal	Above the Break 3	27	-144	232	0
Driving Hook Shot	2PT Field Goal	In The Paint (Non-RA)	9	77	55	0
Step Back Jump shot	2PT Field Goal	Mid-Range	14	-106	105	0
Fadeaway Jump Shot	2PT Field Goal	Mid-Range	15	-114	98	0
Driving Layup Shot	2PT Field Goal	Restricted Area	1	16	-5	1
Driving Layup Shot	2PT Field Goal	In The Paint (Non-RA)	8	13	85	1
Jump Shot	3PT Field Goal	Above the Break 3	25	-149	213	0
Reverse Layup Shot	2PT Field Goal	Restricted Area	1	3	14	0
Jump Shot	3PT Field Goal	Above the Break 3	26	179	190	1
Step Back Jump shot	2PT Field Goal	Mid-Range	17	72	163	0
Jump Shot	3PT Field Goal	Above the Break 3	26	166	203	1
Jump Shot	3PT Field Goal	Above the Break 3	24	-149	199	0
Running Dunk Shot	2PT Field Goal	Restricted Area	1	11	4	1
Running Dunk Shot	2PT Field Goal	Restricted Area	3	16	26	1
Jump Shot	2PT Field Goal	Mid-Range	20	96	186	1
Layup Shot	2PT Field Goal	Restricted Area	0	5	5	0
Jump Shot	3PT Field Goal	Above the Break 3	28	-87	267	0
Driving Dunk Shot	2PT Field Goal	Restricted Area	1	-2	15	1
Turnaround Jump Shot	2PT Field Goal	In The Paint (Non-RA)	10	-38	99	1
Jump Shot	3PT Field Goal	Above the Break 3	25	107	226	1
Jump Shot	3PT Field Goal	Above the Break 3	25	42	256	0
Layup Shot	2PT Field Goal	Restricted Area	2	2	25	0
Putback Layup Shot	2PT Field Goal	Restricted Area	0	0	-6	1
Jump Shot	3PT Field Goal	Above the Break 3	26	-100	248	0
Jump Shot	3PT Field Goal	Above the Break 3	28	-143	247	0
Tip Dunk Shot	2PT Field Goal	Restricted Area	0	0	-6	1
Step Back Jump shot	3PT Field Goal	Above the Break 3	26	135	232	1
Turnaround Fadeaway shot	2PT Field Goal	Mid-Range	10	105	13	0
Fadeaway Jump Shot	2PT Field Goal	Mid-Range	15	-28	153	0
Running Dunk Shot	2PT Field Goal	Restricted Area	1	5	17	1
Layup Shot	2PT Field Goal	Restricted Area	1	14	12	0
Driving Layup Shot	2PT Field Goal	Restricted Area	1	-11	16	1
Driving Layup Shot	2PT Field Goal	In The Paint (Non-RA)	6	-32	57	0
Step Back Jump shot	3PT Field Goal	Above the Break 3	26	-111	239	1
Running Pull-Up Jump Shot	3PT Field Goal	Above the Break 3	27	-139	238	1
Running Pull-Up Jump Shot	3PT Field Goal	Above the Break 3	27	-121	251	1
Driving Hook Shot	2PT Field Goal	Restricted Area	1	-5	17	1
Jump Shot	3PT Field Goal	Above the Break 3	27	-43	267	1
Jump Shot	3PT Field Goal	Above the Break 3	26	-80	248	0
Driving Reverse Layup Shot	2PT Field Goal	Restricted Area	1	-3	14	1
Running Layup Shot	2PT Field Goal	Restricted Area	2	20	3	1
Driving Layup Shot	2PT Field Goal	Restricted Area	0	1	4	1
Driving Floating Jump Shot	2PT Field Goal	In The Paint (Non-RA)	12	67	100	1
Fadeaway Jump Shot	2PT Field Goal	Mid-Range	18	176	66	0
Driving Layup Shot	2PT Field Goal	Restricted Area	1	-5	14	1
Jump Shot	3PT Field Goal	Above the Break 3	24	152	195	1
Driving Layup Shot	2PT Field Goal	In The Paint (Non-RA)	5	-34	41	0
Running Layup Shot	2PT Field Goal	Restricted Area	2	-18	23	1
Driving Layup Shot	2PT Field Goal	Restricted Area	1	-13	12	1
Step Back Jump shot	3PT Field Goal	Above the Break 3	26	-141	222	0
Driving Layup Shot	2PT Field Goal	In The Paint (Non-RA)	4	18	39	0
Driving Layup Shot	2PT Field Goal	Restricted Area	3	-13	36	0
Turnaround Fadeaway shot	2PT Field Goal	In The Paint (Non-RA)	14	-79	121	0
Cutting Dunk Shot	2PT Field Goal	Restricted Area	1	-14	8	1
Driving Bank Hook Shot	2PT Field Goal	In The Paint (Non-RA)	6	69	2	0
Step Back Jump shot	3PT Field Goal	Above the Break 3	25	38	257	1
Fadeaway Jump Shot	2PT Field Goal	Mid-Range	20	119	161	0
Running Layup Shot	2PT Field Goal	Restricted Area	2	8	24	1
Fadeaway Jump Shot	2PT Field Goal	Mid-Range	21	-41	214	0
Jump Shot	3PT Field Goal	Above the Break 3	27	51	272	0
Driving Layup Shot	2PT Field Goal	Restricted Area	3	36	8	1
Driving Layup Shot	2PT Field Goal	Restricted Area	3	-33	8	0
Step Back Jump shot	3PT Field Goal	Right Corner 3	23	232	48	1
Pullup Jump shot	3PT Field Goal	Above the Break 3	27	-108	257	0
Running Dunk Shot	2PT Field Goal	Restricted Area	0	5	7	1
Turnaround Fadeaway shot	2PT Field Goal	In The Paint (Non-RA)	13	29	131	1
Step Back Jump shot	3PT Field Goal	Above the Break 3	24	194	146	1
Fadeaway Jump Shot	2PT Field Goal	Mid-Range	11	98	55	0
Turnaround Fadeaway shot	2PT Field Goal	Mid-Range	11	-117	15	1
Step Back Jump shot	3PT Field Goal	Above the Break 3	25	62	243	1
Step Back Jump shot	3PT Field Goal	Above the Break 3	24	109	218	1
Driving Floating Jump Shot	2PT Field Goal	In The Paint (Non-RA)	9	-7	99	1
Jump Shot	3PT Field Goal	Above the Break 3	26	-159	209	0
Fadeaway Jump Shot	2PT Field Goal	In The Paint (Non-RA)	6	52	35	1
Pullup Jump shot	3PT Field Goal	Above the Break 3	26	38	264	0
Driving Dunk Shot	2PT Field Goal	Restricted Area	0	5	7	1
Jump Shot	2PT Field Goal	In The Paint (Non-RA)	13	-8	131	0
Running Dunk Shot	2PT Field Goal	Restricted Area	1	6	12	1
Driving Layup Shot	2PT Field Goal	Restricted Area	1	-11	7	1
Jump Shot	2PT Field Goal	Mid-Range	22	66	210	0
Jump Shot	3PT Field Goal	Above the Break 3	26	176	195	1
Fadeaway Jump Shot	2PT Field Goal	Mid-Range	17	-92	151	1
Jump Shot	2PT Field Goal	Mid-Range	17	19	169	0
Turnaround Fadeaway shot	2PT Field Goal	Mid-Range	16	-169	-1	0
Driving Floating Jump Shot	2PT Field Goal	In The Paint (Non-RA)	14	65	129	1
Turnaround Fadeaway shot	2PT Field Goal	Mid-Range	12	120	4	1
Step Back Jump shot	3PT Field Goal	Above the Break 3	25	191	168	1
Step Back Jump shot	2PT Field Goal	Mid-Range	19	-119	158	1
Turnaround Fadeaway shot	2PT Field Goal	Mid-Range	20	107	180	0
Turnaround Fadeaway shot	2PT Field Goal	Mid-Range	19	-111	163	0
Driving Layup Shot	2PT Field Goal	Restricted Area	0	8	0	0
Fadeaway Jump Shot	2PT Field Goal	Mid-Range	17	-85	148	0
Turnaround Fadeaway shot	2PT Field Goal	Mid-Range	15	-10	158	0
Jump Shot	2PT Field Goal	Mid-Range	22	-54	214	1
Jump Shot	3PT Field Goal	Above the Break 3	32	212	241	1
Driving Layup Shot	2PT Field Goal	Restricted Area	3	30	15	0
Tip Layup Shot	2PT Field Goal	Restricted Area	0	0	-6	1
Turnaround Jump Shot	2PT Field Goal	Mid-Range	17	-80	155	0
Cutting Layup Shot	2PT Field Goal	Restricted Area	1	-10	10	1
Cutting Layup Shot	2PT Field Goal	Restricted Area	2	5	27	1
Driving Layup Shot	2PT Field Goal	Restricted Area	2	14	24	0
Jump Shot	3PT Field Goal	Above the Break 3	29	122	268	1
Driving Layup Shot	2PT Field Goal	Restricted Area	2	24	15	1
Layup Shot	2PT Field Goal	Restricted Area	0	-8	4	1
Jump Shot	2PT Field Goal	Mid-Range	20	-203	16	1
Driving Dunk Shot	2PT Field Goal	Restricted Area	1	-10	6	1
Jump Shot	3PT Field Goal	Above the Break 3	26	-126	228	0
Driving Layup Shot	2PT Field Goal	Restricted Area	1	-13	-1	1
Jump Shot	3PT Field Goal	Above the Break 3	33	-169	291	0
Driving Layup Shot	2PT Field Goal	Restricted Area	0	-6	0	0
Jump Shot	3PT Field Goal	Above the Break 3	24	-225	102	0
Running Dunk Shot	2PT Field Goal	Restricted Area	0	-8	-1	1
Turnaround Fadeaway shot	2PT Field Goal	In The Paint (Non-RA)	11	-14	110	0
Jump Shot	3PT Field Goal	Above the Break 3	27	-142	238	1
Step Back Jump shot	3PT Field Goal	Above the Break 3	24	217	120	0
Fadeaway Jump Shot	2PT Field Goal	In The Paint (Non-RA)	12	54	110	1
Jump Shot	3PT Field Goal	Above the Break 3	25	130	214	0
Putback Layup Shot	2PT Field Goal	Restricted Area	0	0	-6	1
Jump Shot	2PT Field Goal	Mid-Range	20	27	201	0
Driving Layup Shot	2PT Field Goal	Restricted Area	2	18	17	0
Jump Shot	2PT Field Goal	In The Paint (Non-RA)	7	3	71	0
Running Jump Shot	3PT Field Goal	Above the Break 3	26	-49	264	0
Running Dunk Shot	2PT Field Goal	Restricted Area	0	0	9	1
Layup Shot	2PT Field Goal	Restricted Area	1	14	14	0
Jump Shot	3PT Field Goal	Above the Break 3	25	-189	169	1
Floating Jump shot	2PT Field Goal	In The Paint (Non-RA)	7	0	72	0
Driving Layup Shot	2PT Field Goal	In The Paint (Non-RA)	6	7	64	0
Driving Layup Shot	2PT Field Goal	Restricted Area	1	13	15	1
Driving Dunk Shot	2PT Field Goal	Restricted Area	1	7	9	1
Driving Finger Roll Layup Shot	2PT Field Goal	Restricted Area	2	22	5	1
Step Back Jump shot	3PT Field Goal	Above the Break 3	27	29	276	1
Step Back Jump shot	3PT Field Goal	Above the Break 3	25	-156	205	0
Dunk Shot	2PT Field Goal	Restricted Area	1	-3	16	1
Jump Shot	3PT Field Goal	Above the Break 3	26	-90	253	0
Driving Dunk Shot	2PT Field Goal	Restricted Area	2	2	22	1
Running Layup Shot	2PT Field Goal	Restricted Area	1	-11	-2	1
Layup Shot	2PT Field Goal	Restricted Area	2	11	24	1
Driving Layup Shot	2PT Field Goal	Restricted Area	1	-8	17	0
Fadeaway Jump Shot	3PT Field Goal	Above the Break 3	26	-16	260	1
Running Pull-Up Jump Shot	3PT Field Goal	Above the Break 3	27	93	254	0
Jump Shot	3PT Field Goal	Above the Break 3	26	-160	214	0
Jump Shot	3PT Field Goal	Above the Break 3	26	-17	269	1
Running Dunk Shot	2PT Field Goal	Restricted Area	1	-8	17	1
Running Pull-Up Jump Shot	3PT Field Goal	Above the Break 3	26	44	260	0
Running Dunk Shot	2PT Field Goal	Restricted Area	2	-8	27	1
Step Back Jump shot	3PT Field Goal	Above the Break 3	24	-94	223	0
Cutting Layup Shot	2PT Field Goal	Restricted Area	1	-13	15	0
Running Finger Roll Layup Shot	2PT Field Goal	Restricted Area	1	-14	4	1
Pullup Jump shot	3PT Field Goal	Above the Break 3	27	-112	252	0
Jump Shot	3PT Field Goal	Above the Break 3	24	-113	221	0
Driving Layup Shot	2PT Field Goal	Restricted Area	2	23	19	1
Running Finger Roll Layup Shot	2PT Field Goal	Restricted Area	1	-18	5	1
Jump Bank Shot	2PT Field Goal	In The Paint (Non-RA)	5	52	25	1
Step Back Jump shot	3PT Field Goal	Above the Break 3	24	79	230	0
Running Dunk Shot	2PT Field Goal	Restricted Area	1	-2	10	1
Running Dunk Shot	2PT Field Goal	Restricted Area	0	2	6	0
Fadeaway Jump Shot	2PT Field Goal	Mid-Range	11	-103	42	0
Driving Floating Jump Shot	2PT Field Goal	In The Paint (Non-RA)	6	-57	37	0
Turnaround Fadeaway Bank Jump Shot	2PT Field Goal	Mid-Range	10	90	58	0
Jump Shot	3PT Field Goal	Above the Break 3	25	-92	233	0
Driving Floating Jump Shot	2PT Field Goal	In The Paint (Non-RA)	4	22	39	0
Step Back Jump shot	2PT Field Goal	Mid-Range	18	186	-7	1
Driving Layup Shot	2PT Field Goal	Restricted Area	0	8	5	1
Jump Shot	3PT Field Goal	Above the Break 3	24	-71	235	0
Floating Jump shot	2PT Field Goal	Restricted Area	3	-29	26	1
Layup Shot	2PT Field Goal	Restricted Area	2	-14	24	1
Jump Shot	2PT Field Goal	Mid-Range	18	-158	105	1
Turnaround Fadeaway shot	2PT Field Goal	Mid-Range	11	84	82	1
Turnaround Fadeaway shot	2PT Field Goal	Mid-Range	16	117	119	0
Layup Shot	2PT Field Goal	Restricted Area	1	13	5	1
Turnaround Fadeaway shot	2PT Field Goal	Mid-Range	9	89	16	0
Jump Shot	3PT Field Goal	Above the Break 3	25	-111	234	0
Jump Shot	3PT Field Goal	Right Corner 3	24	231	70	0
Fadeaway Jump Shot	2PT Field Goal	In The Paint (Non-RA)	6	-51	43	0
Fadeaway Jump Shot	2PT Field Goal	Mid-Range	10	-107	23	0
Fadeaway Jump Shot	2PT Field Goal	Restricted Area	3	-33	16	1
Step Back Jump shot	3PT Field Goal	Above the Break 3	25	64	243	1
Jump Shot	3PT Field Goal	Above the Break 3	26	-88	248	0
Cutting Layup Shot	2PT Field Goal	Restricted Area	1	-16	8	1
Driving Layup Shot	2PT Field Goal	Restricted Area	0	2	7	1
Fadeaway Jump Shot	2PT Field Goal	In The Paint (Non-RA)	12	-50	112	0
Jump Shot	3PT Field Goal	Above the Break 3	27	-119	243	0
Driving Layup Shot	2PT Field Goal	In The Paint (Non-RA)	5	-1	52	0
Jump Shot	3PT Field Goal	Above the Break 3	25	-133	217	1
Driving Layup Shot	2PT Field Goal	Restricted Area	1	11	16	1
Fadeaway Jump Shot	2PT Field Goal	Mid-Range	21	-115	181	1
Turnaround Fadeaway shot	2PT Field Goal	Mid-Range	18	21	179	1
Driving Layup Shot	2PT Field Goal	Restricted Area	3	19	32	0
Alley Oop Layup shot	2PT Field Goal	Restricted Area	0	-2	9	1
Turnaround Jump Shot	2PT Field Goal	In The Paint (Non-RA)	6	29	61	0
Running Layup Shot	2PT Field Goal	Restricted Area	3	11	35	0
Jump Shot	3PT Field Goal	Above the Break 3	26	40	257	0
Layup Shot	2PT Field Goal	Restricted Area	3	22	25	0
Putback Layup Shot	2PT Field Goal	In The Paint (Non-RA)	4	-9	40	0
Driving Layup Shot	2PT Field Goal	Restricted Area	2	8	20	1
Running Dunk Shot	2PT Field Goal	Restricted Area	1	-3	19	1
Driving Dunk Shot	2PT Field Goal	Restricted Area	2	11	19	1
Driving Layup Shot	2PT Field Goal	Restricted Area	1	2	15	1
Driving Dunk Shot	2PT Field Goal	Restricted Area	3	3	30	1
Turnaround Jump Shot	2PT Field Goal	Mid-Range	15	47	143	0
Running Dunk Shot	2PT Field Goal	Restricted Area	1	-6	8	1
Running Pull-Up Jump Shot	3PT Field Goal	Above the Break 3	24	-85	232	1
Jump Shot	3PT Field Goal	Above the Break 3	26	-13	262	0
Driving Layup Shot	2PT Field Goal	Restricted Area	3	10	38	0
Driving Layup Shot	2PT Field Goal	Restricted Area	2	-14	18	1
Driving Layup Shot	2PT Field Goal	Restricted Area	1	9	16	1
Turnaround Fadeaway shot	2PT Field Goal	Mid-Range	17	96	143	0
Driving Layup Shot	2PT Field Goal	Restricted Area	1	2	11	1
Jump Shot	3PT Field Goal	Above the Break 3	25	-104	235	1
Jump Shot	3PT Field Goal	Above the Break 3	28	83	274	0
Jump Shot	3PT Field Goal	Above the Break 3	26	139	220	0
Floating Jump shot	2PT Field Goal	Restricted Area	1	7	14	1
Floating Jump shot	2PT Field Goal	In The Paint (Non-RA)	9	-25	89	1
Driving Floating Jump Shot	2PT Field Goal	Restricted Area	3	11	36	1
Jump Shot	2PT Field Goal	Mid-Range	20	192	63	1
Jump Shot	2PT Field Goal	Mid-Range	20	77	185	1
Hook Shot	2PT Field Goal	Restricted Area	2	-18	19	0
Layup Shot	2PT Field Goal	Restricted Area	2	7	24	0
Jump Shot	3PT Field Goal	Above the Break 3	27	-160	222	0
Fadeaway Jump Shot	2PT Field Goal	Mid-Range	21	-116	185	1
Jump Shot	2PT Field Goal	Mid-Range	19	-88	178	0
Jump Shot	3PT Field Goal	Above the Break 3	26	-3	260	0
Pullup Jump shot	2PT Field Goal	Mid-Range	21	-70	201	0
Running Dunk Shot	2PT Field Goal	Restricted Area	1	2	18	1
Running Layup Shot	2PT Field Goal	Restricted Area	1	16	6	1
Jump Shot	3PT Field Goal	Above the Break 3	27	-99	253	1
Driving Bank Hook Shot	2PT Field Goal	Restricted Area	0	8	1	1
Layup Shot	2PT Field Goal	Restricted Area	3	31	16	0
Jump Shot	3PT Field Goal	Above the Break 3	25	160	201	0
Running Layup Shot	2PT Field Goal	Restricted Area	1	2	17	1
Running Layup Shot	2PT Field Goal	Restricted Area	0	-5	7	0
Turnaround Jump Shot	2PT Field Goal	Mid-Range	17	-121	127	1
Jump Shot	3PT Field Goal	Above the Break 3	26	54	260	0
Step Back Jump shot	3PT Field Goal	Above the Break 3	26	-72	251	0
Jump Shot	2PT Field Goal	Mid-Range	22	-164	152	1
Driving Dunk Shot	2PT Field Goal	Restricted Area	2	-2	23	1
Step Back Jump shot	2PT Field Goal	Mid-Range	19	-65	181	0
Layup Shot	2PT Field Goal	Restricted Area	1	11	11	1
Jump Shot	3PT Field Goal	Above the Break 3	27	104	250	0
Driving Hook Shot	2PT Field Goal	Restricted Area	1	3	17	1
Turnaround Hook Shot	2PT Field Goal	Restricted Area	2	13	26	1
Running Jump Shot	2PT Field Goal	In The Paint (Non-RA)	6	-55	36	0
Driving Layup Shot	2PT Field Goal	Restricted Area	1	11	11	1
Driving Layup Shot	2PT Field Goal	In The Paint (Non-RA)	4	14	43	0
Running Layup Shot	2PT Field Goal	Restricted Area	1	8	16	1
Jump Shot	3PT Field Goal	Above the Break 3	27	143	232	1
Running Layup Shot	2PT Field Goal	Restricted Area	2	8	19	1
Jump Shot	3PT Field Goal	Above the Break 3	35	-103	339	1
Step Back Jump shot	3PT Field Goal	Above the Break 3	28	-68	276	1
Cutting Layup Shot	2PT Field Goal	Restricted Area	2	-3	25	1
Fadeaway Jump Shot	2PT Field Goal	Mid-Range	16	161	21	1
Jump Shot	3PT Field Goal	Above the Break 3	24	-215	125	1
Driving Floating Jump Shot	2PT Field Goal	Mid-Range	13	121	69	0
Pullup Jump shot	2PT Field Goal	Mid-Range	17	-108	142	0
Jump Shot	3PT Field Goal	Above the Break 3	27	191	194	0
Driving Reverse Layup Shot	2PT Field Goal	Restricted Area	3	-37	11	0
Driving Layup Shot	2PT Field Goal	Restricted Area	1	-15	4	1
Driving Floating Jump Shot	2PT Field Goal	In The Paint (Non-RA)	5	1	59	0
Putback Layup Shot	2PT Field Goal	Restricted Area	0	0	-6	1
Driving Floating Jump Shot	2PT Field Goal	In The Paint (Non-RA)	4	-27	37	0
Driving Finger Roll Layup Shot	2PT Field Goal	Restricted Area	2	-25	6	1
Driving Reverse Layup Shot	2PT Field Goal	Restricted Area	2	-20	9	1
Finger Roll Layup Shot	2PT Field Goal	Restricted Area	2	-22	-1	1
Driving Floating Bank Jump Shot	2PT Field Goal	In The Paint (Non-RA)	6	-62	10	0
Step Back Jump shot	3PT Field Goal	Left Corner 3	23	-230	51	1
Pullup Jump shot	3PT Field Goal	Above the Break 3	25	-30	252	1
Step Back Jump shot	3PT Field Goal	Right Corner 3	24	232	73	0
Jump Shot	2PT Field Goal	Mid-Range	20	-168	118	1
Dunk Shot	2PT Field Goal	Restricted Area	1	15	1	1
Jump Shot	3PT Field Goal	Above the Break 3	28	207	197	0
Driving Layup Shot	2PT Field Goal	Restricted Area	2	20	13	1
Pullup Jump shot	2PT Field Goal	Mid-Range	19	98	167	0
Pullup Jump shot	3PT Field Goal	Above the Break 3	27	-161	223	0
Driving Floating Bank Jump Shot	2PT Field Goal	In The Paint (Non-RA)	5	-18	52	0
Driving Layup Shot	2PT Field Goal	In The Paint (Non-RA)	5	40	36	0
Pullup Jump shot	2PT Field Goal	In The Paint (Non-RA)	8	41	73	0
Pullup Jump shot	3PT Field Goal	Above the Break 3	29	-11	299	0
Driving Finger Roll Layup Shot	2PT Field Goal	Restricted Area	2	22	18	1
Step Back Jump shot	2PT Field Goal	Mid-Range	17	-132	116	1
Driving Layup Shot	2PT Field Goal	Restricted Area	0	-3	7	1
Jump Shot	3PT Field Goal	Above the Break 3	26	55	263	0
Running Layup Shot	2PT Field Goal	Restricted Area	0	-3	1	1
Running Dunk Shot	2PT Field Goal	Restricted Area	1	-6	13	1
Driving Layup Shot	2PT Field Goal	Restricted Area	2	-20	7	0
Tip Layup Shot	2PT Field Goal	Restricted Area	0	0	-6	0
Turnaround Jump Shot	2PT Field Goal	Mid-Range	17	-68	160	0
Driving Finger Roll Layup Shot	2PT Field Goal	Restricted Area	1	3	16	1
Fadeaway Jump Shot	2PT Field Goal	In The Paint (Non-RA)	10	-36	94	1
Step Back Jump shot	3PT Field Goal	Above the Break 3	26	67	256	0
Driving Floating Jump Shot	2PT Field Goal	In The Paint (Non-RA)	5	-43	26	0
Driving Layup Shot	2PT Field Goal	Restricted Area	0	-8	4	0
Step Back Jump shot	2PT Field Goal	Mid-Range	15	125	83	0
Driving Finger Roll Layup Shot	2PT Field Goal	Restricted Area	1	9	6	1
Cutting Dunk Shot	2PT Field Goal	Restricted Area	0	2	-2	1
Running Layup Shot	2PT Field Goal	Restricted Area	0	1	0	1
Jump Shot	3PT Field Goal	Above the Break 3	28	-32	281	0
Driving Floating Bank Jump Shot	2PT Field Goal	Restricted Area	3	22	24	0
Running Layup Shot	2PT Field Goal	Restricted Area	2	-14	19	1
Pullup Jump shot	2PT Field Goal	Mid-Range	21	133	172	1
Driving Dunk Shot	2PT Field Goal	Restricted Area	2	-13	16	1
Running Layup Shot	2PT Field Goal	Restricted Area	3	18	24	0
Floating Jump shot	2PT Field Goal	In The Paint (Non-RA)	6	28	57	0
Driving Dunk Shot	2PT Field Goal	Restricted Area	0	0	8	1
Step Back Jump shot	3PT Field Goal	Above the Break 3	26	30	260	1
Jump Shot	3PT Field Goal	Above the Break 3	28	-204	194	0
Turnaround Fadeaway shot	2PT Field Goal	Mid-Range	14	-136	34	1
Jump Shot	3PT Field Goal	Above the Break 3	27	-29	270	1
Turnaround Fadeaway shot	2PT Field Goal	Mid-Range	17	-96	141	0
Jump Shot	3PT Field Goal	Above the Break 3	28	-159	236	0
Fadeaway Jump Shot	2PT Field Goal	Mid-Range	16	-159	21	0
Jump Shot	3PT Field Goal	Above the Break 3	27	-160	221	1
Driving Dunk Shot	2PT Field Goal	Restricted Area	2	-7	22	1
Jump Shot	3PT Field Goal	Above the Break 3	28	-83	274	1
Jump Shot	3PT Field Goal	Above the Break 3	27	-166	218	0
Step Back Jump shot	2PT Field Goal	Mid-Range	23	9	235	0
Turnaround Fadeaway shot	2PT Field Goal	Mid-Range	11	95	59	1
Pullup Jump shot	2PT Field Goal	Mid-Range	17	-20	171	1
Alley Oop Layup shot	2PT Field Goal	Restricted Area	3	-26	17	1
Step Back Jump shot	3PT Field Goal	Above the Break 3	27	13	277	1
Pullup Jump shot	3PT Field Goal	Above the Break 3	30	-129	272	0
Running Finger Roll Layup Shot	2PT Field Goal	Restricted Area	3	17	29	1
Cutting Layup Shot	2PT Field Goal	Restricted Area	2	-4	21	1
Driving Floating Jump Shot	2PT Field Goal	In The Paint (Non-RA)	7	-19	69	1
Pullup Jump shot	3PT Field Goal	Above the Break 3	25	-127	220	1
Driving Floating Bank Jump Shot	2PT Field Goal	In The Paint (Non-RA)	6	-51	34	0
Driving Dunk Shot	2PT Field Goal	Restricted Area	1	-1	12	1
Jump Shot	3PT Field Goal	Above the Break 3	28	13	288	1
Driving Floating Jump Shot	2PT Field Goal	In The Paint (Non-RA)	5	21	53	0
Dunk Shot	2PT Field Goal	Restricted Area	0	-5	8	1
Turnaround Fadeaway shot	2PT Field Goal	In The Paint (Non-RA)	10	-40	97	0
Jump Shot	3PT Field Goal	Above the Break 3	32	-185	267	0
Step Back Jump shot	3PT Field Goal	Above the Break 3	28	-180	215	0
Driving Dunk Shot	2PT Field Goal	Restricted Area	1	-1	13	1
Running Layup Shot	2PT Field Goal	Restricted Area	1	3	14	1
Jump Shot	3PT Field Goal	Above the Break 3	24	-130	211	0
Dunk Shot	2PT Field Goal	Restricted Area	1	-5	9	0
Jump Shot	3PT Field Goal	Above the Break 3	25	14	256	1
Jump Shot	3PT Field Goal	Above the Break 3	27	-15	279	1
Jump Shot	3PT Field Goal	Above the Break 3	25	202	153	0
Running Dunk Shot	2PT Field Goal	Restricted Area	0	6	6	1
Jump Shot	2PT Field Goal	In The Paint (Non-RA)	7	-3	71	0
Jump Shot	3PT Field Goal	Above the Break 3	31	4	312	0
Driving Layup Shot	2PT Field Goal	Restricted Area	3	31	7	0
Layup Shot	2PT Field Goal	Restricted Area	1	9	15	1
Driving Layup Shot	2PT Field Goal	Restricted Area	1	-9	11	1
Driving Layup Shot	2PT Field Goal	Restricted Area	1	11	13	1
Jump Shot	3PT Field Goal	Above the Break 3	26	20	262	0
Jump Shot	2PT Field Goal	Mid-Range	21	-43	210	0
Pullup Jump shot	2PT Field Goal	Mid-Range	21	-48	205	1
Pullup Jump shot	3PT Field Goal	Above the Break 3	29	98	277	0
Layup Shot	2PT Field Goal	In The Paint (Non-RA)	8	-64	59	0
Reverse Layup Shot	2PT Field Goal	Restricted Area	1	-16	6	1
Layup Shot	2PT Field Goal	In The Paint (Non-RA)	4	11	48	0
Driving Layup Shot	2PT Field Goal	Restricted Area	2	6	29	1
Driving Layup Shot	2PT Field Goal	Restricted Area	1	12	6	1
Driving Floating Jump Shot	2PT Field Goal	In The Paint (Non-RA)	11	-4	119	0
Jump Shot	3PT Field Goal	Above the Break 3	28	-131	252	0
Hook Shot	2PT Field Goal	Restricted Area	2	-16	16	0
Layup Shot	2PT Field Goal	In The Paint (Non-RA)	4	24	36	0
Layup Shot	2PT Field Goal	In The Paint (Non-RA)	5	-27	48	0
Driving Layup Shot	2PT Field Goal	Restricted Area	1	-3	17	0
Driving Layup Shot	2PT Field Goal	Restricted Area	2	19	11	0
Layup Shot	2PT Field Goal	In The Paint (Non-RA)	5	-3	53	0
Reverse Layup Shot	2PT Field Goal	Restricted Area	1	4	15	1
Driving Dunk Shot	2PT Field Goal	Restricted Area	3	18	31	0
Driving Layup Shot	2PT Field Goal	Restricted Area	3	33	11	0
Driving Floating Bank Jump Shot	2PT Field Goal	In The Paint (Non-RA)	7	-29	73	1
Driving Layup Shot	2PT Field Goal	Restricted Area	1	9	10	1
Jump Shot	2PT Field Goal	In The Paint (Non-RA)	4	35	22	0
Step Back Jump shot	3PT Field Goal	Above the Break 3	25	174	183	0
Running Layup Shot	2PT Field Goal	Restricted Area	1	3	14	1
Cutting Dunk Shot	2PT Field Goal	Restricted Area	1	5	11	0
Cutting Layup Shot	2PT Field Goal	Restricted Area	1	13	1	1
Driving Layup Shot	2PT Field Goal	Restricted Area	1	16	5	1
Driving Layup Shot	2PT Field Goal	Restricted Area	2	-2	25	1
Step Back Jump shot	3PT Field Goal	Above the Break 3	25	-62	249	0
Running Dunk Shot	2PT Field Goal	Restricted Area	0	6	7	1
Fadeaway Jump Shot	3PT Field Goal	Above the Break 3	25	-142	207	1
Fadeaway Jump Shot	2PT Field Goal	In The Paint (Non-RA)	10	-62	83	1
Jump Shot	3PT Field Goal	Above the Break 3	25	82	237	0
Layup Shot	2PT Field Goal	Restricted Area	0	6	5	1
Layup Shot	2PT Field Goal	Restricted Area	3	-13	28	1
Driving Layup Shot	2PT Field Goal	Restricted Area	1	11	15	0
Putback Layup Shot	2PT Field Goal	Restricted Area	0	2	5	1
Fadeaway Jump Shot	3PT Field Goal	Left Corner 3	22	-226	-6	1
Pullup Jump shot	3PT Field Goal	Above the Break 3	30	-98	288	0
Fadeaway Jump Shot	3PT Field Goal	Above the Break 3	25	79	246	0
Running Layup Shot	2PT Field Goal	Restricted Area	1	3	16	1
Reverse Layup Shot	2PT Field Goal	Restricted Area	0	-3	8	0
Turnaround Jump Shot	2PT Field Goal	In The Paint (Non-RA)	10	67	85	0
Driving Finger Roll Layup Shot	2PT Field Goal	Restricted Area	1	5	14	0
Layup Shot	2PT Field Goal	Restricted Area	1	9	14	1
Layup Shot	2PT Field Goal	Restricted Area	2	7	26	1
Driving Layup Shot	2PT Field Goal	Restricted Area	2	-3	27	1
Jump Shot	3PT Field Goal	Above the Break 3	26	-123	239	0
Jump Shot	3PT Field Goal	Above the Break 3	26	-133	230	0
Running Layup Shot	2PT Field Goal	Restricted Area	1	2	16	0
Driving Dunk Shot	2PT Field Goal	Restricted Area	1	-13	15	1
Turnaround Jump Shot	2PT Field Goal	Mid-Range	16	-168	21	1
Turnaround Jump Shot	2PT Field Goal	In The Paint (Non-RA)	11	-18	115	1
Reverse Layup Shot	2PT Field Goal	Restricted Area	3	-8	36	0
Turnaround Jump Shot	2PT Field Goal	Mid-Range	16	-166	18	0
Jump Shot	3PT Field Goal	Above the Break 3	25	162	201	0
Driving Layup Shot	2PT Field Goal	Restricted Area	2	13	22	1
Driving Layup Shot	2PT Field Goal	Restricted Area	2	-2	20	0
Driving Layup Shot	2PT Field Goal	In The Paint (Non-RA)	4	10	39	0
Jump Shot	3PT Field Goal	Above the Break 3	26	-187	186	0
Step Back Jump shot	2PT Field Goal	Mid-Range	17	174	-1	0
Cutting Layup Shot	2PT Field Goal	Restricted Area	2	3	21	1
Jump Shot	3PT Field Goal	Above the Break 3	27	-110	254	1
Jump Shot	3PT Field Goal	Above the Break 3	26	151	212	0
Driving Layup Shot	2PT Field Goal	Restricted Area	3	-35	3	1
Driving Floating Jump Shot	2PT Field Goal	In The Paint (Non-RA)	12	58	112	1
Jump Shot	3PT Field Goal	Above the Break 3	26	174	194	0
Driving Reverse Layup Shot	2PT Field Goal	Restricted Area	3	-1	33	1
Alley Oop Layup shot	2PT Field Goal	Restricted Area	1	-3	18	0
Tip Layup Shot	2PT Field Goal	Restricted Area	1	-6	8	1
Jump Shot	3PT Field Goal	Above the Break 3	28	-177	222	1
Jump Shot	3PT Field Goal	Above the Break 3	26	169	200	0
Running Layup Shot	2PT Field Goal	Restricted Area	1	-8	11	1
Driving Layup Shot	2PT Field Goal	Restricted Area	2	-14	20	0
Fadeaway Jump Shot	2PT Field Goal	Mid-Range	11	-97	52	0
Driving Finger Roll Layup Shot	2PT Field Goal	In The Paint (Non-RA)	6	14	67	1
Step Back Jump shot	2PT Field Goal	Mid-Range	15	-113	111	1
Jump Shot	3PT Field Goal	Above the Break 3	25	-32	255	0
Turnaround Fadeaway shot	2PT Field Goal	Mid-Range	12	-111	59	1
Step Back Jump shot	2PT Field Goal	Mid-Range	22	-139	174	0
Layup Shot	2PT Field Goal	Restricted Area	2	8	24	0
Tip Layup Shot	2PT Field Goal	Restricted Area	0	0	-6	1
Layup Shot	2PT Field Goal	Restricted Area	2	11	24	1
Driving Finger Roll Layup Shot	2PT Field Goal	Restricted Area	1	12	14	1
Step Back Jump shot	3PT Field Goal	Above the Break 3	27	124	242	0
Jump Shot	2PT Field Goal	Mid-Range	17	109	131	0
Jump Shot	3PT Field Goal	Above the Break 3	26	-187	189	0
Running Layup Shot	2PT Field Goal	Restricted Area	0	2	8	1
Fadeaway Jump Shot	2PT Field Goal	In The Paint (Non-RA)	7	-11	79	0
Jump Shot	3PT Field Goal	Above the Break 3	26	160	214	0
Driving Layup Shot	2PT Field Goal	Restricted Area	1	-5	11	1
Turnaround Hook Shot	2PT Field Goal	In The Paint (Non-RA)	9	-19	90	0
Jump Shot	3PT Field Goal	Above the Break 3	26	-62	260	1
Jump Shot	3PT Field Goal	Above the Break 3	26	-107	243	0
Step Back Jump shot	2PT Field Goal	Mid-Range	21	38	208	1
Pullup Jump shot	2PT Field Goal	Mid-Range	19	-3	190	0
Step Back Jump shot	2PT Field Goal	Mid-Range	19	-193	30	0
Pullup Jump shot	2PT Field Goal	In The Paint (Non-RA)	14	-76	127	1
Jump Shot	3PT Field Goal	Above the Break 3	29	-118	271	0
Turnaround Fadeaway shot	2PT Field Goal	Mid-Range	17	-53	164	1
Turnaround Fadeaway shot	2PT Field Goal	In The Paint (Non-RA)	12	-9	129	0
Driving Layup Shot	2PT Field Goal	Restricted Area	1	1	19	0
Putback Layup Shot	2PT Field Goal	Restricted Area	1	6	14	1
Jump Shot	3PT Field Goal	Above the Break 3	26	-139	222	0
Driving Layup Shot	2PT Field Goal	Restricted Area	3	-4	35	0
Driving Layup Shot	2PT Field Goal	Restricted Area	2	-15	16	1
Turnaround Fadeaway shot	2PT Field Goal	In The Paint (Non-RA)	12	71	100	1
Finger Roll Layup Shot	2PT Field Goal	Restricted Area	1	6	16	0
Cutting Layup Shot	2PT Field Goal	Restricted Area	0	-2	-1	1
Jump Shot	3PT Field Goal	Above the Break 3	28	-2	285	1
Pullup Jump shot	3PT Field Goal	Above the Break 3	25	-43	252	0
Driving Floating Bank Jump Shot	2PT Field Goal	Mid-Range	10	-101	11	0
Turnaround Jump Shot	2PT Field Goal	Mid-Range	18	-85	159	1
Jump Shot	3PT Field Goal	Left Corner 3	24	-244	-27	0
Pullup Jump shot	3PT Field Goal	Above the Break 3	26	-93	251	1
Driving Dunk Shot	2PT Field Goal	Restricted Area	1	11	10	1
Driving Finger Roll Layup Shot	2PT Field Goal	Restricted Area	1	-2	18	1
Jump Shot	3PT Field Goal	Above the Break 3	26	113	244	0
Layup Shot	2PT Field Goal	Restricted Area	2	-2	21	1
Turnaround Fadeaway shot	2PT Field Goal	Mid-Range	12	127	25	0
Fadeaway Jump Shot	3PT Field Goal	Right Corner 3	24	234	73	0
Driving Finger Roll Layup Shot	2PT Field Goal	Restricted Area	1	17	10	1
Driving Finger Roll Layup Shot	2PT Field Goal	Restricted Area	0	-4	0	1
Driving Layup Shot	2PT Field Goal	Restricted Area	1	-14	14	0
Driving Finger Roll Layup Shot	2PT Field Goal	Restricted Area	3	-27	21	0
Running Finger Roll Layup Shot	2PT Field Goal	Restricted Area	1	7	15	1
Tip Layup Shot	2PT Field Goal	Restricted Area	0	0	-6	1
Layup Shot	2PT Field Goal	Restricted Area	1	-9	8	0
Jump Shot	3PT Field Goal	Above the Break 3	31	105	294	1
Alley Oop Dunk Shot	2PT Field Goal	Restricted Area	2	11	19	1
Pullup Jump shot	3PT Field Goal	Above the Break 3	33	136	306	0
Pullup Jump shot	3PT Field Goal	Above the Break 3	27	-25	272	0
Step Back Jump shot	3PT Field Goal	Above the Break 3	25	-208	146	1
Driving Finger Roll Layup Shot	2PT Field Goal	In The Paint (Non-RA)	4	-38	23	1
Jump Shot	2PT Field Goal	In The Paint (Non-RA)	11	52	99	0
Jump Shot	3PT Field Goal	Left Corner 3	23	-230	1	0
Jump Shot	3PT Field Goal	Above the Break 3	26	-117	242	1
Jump Shot	3PT Field Goal	Above the Break 3	26	-40	267	1
Step Back Jump shot	3PT Field Goal	Above the Break 3	24	178	174	0
Jump Shot	3PT Field Goal	Left Corner 3	23	-232	-14	1
Jump Shot	3PT Field Goal	Above the Break 3	25	57	251	1
Step Back Jump shot	3PT Field Goal	Above the Break 3	25	-16	258	1
Driving Finger Roll Layup Shot	2PT Field Goal	Restricted Area	0	3	-5	0
Jump Shot	3PT Field Goal	Above the Break 3	25	-168	189	0
Driving Finger Roll Layup Shot	2PT Field Goal	Restricted Area	1	0	12	1
Driving Floating Bank Jump Shot	2PT Field Goal	In The Paint (Non-RA)	4	-44	4	0
Pullup Jump shot	3PT Field Goal	Above the Break 3	26	-52	257	0
Jump Shot	3PT Field Goal	Above the Break 3	26	-198	183	0
Running Finger Roll Layup Shot	2PT Field Goal	Restricted Area	1	16	11	1
Reverse Layup Shot	2PT Field Goal	Restricted Area	1	-3	10	1
Driving Layup Shot	2PT Field Goal	In The Paint (Non-RA)	4	35	31	0
Driving Layup Shot	2PT Field Goal	Restricted Area	1	-13	15	1
Jump Shot	2PT Field Goal	Mid-Range	20	-60	198	1
Layup Shot	2PT Field Goal	In The Paint (Non-RA)	5	58	8	0
Pullup Jump shot	3PT Field Goal	Above the Break 3	28	-102	269	0
Driving Layup Shot	2PT Field Goal	Restricted Area	3	24	26	1
Running Layup Shot	2PT Field Goal	Restricted Area	1	-2	11	1
Pullup Jump shot	2PT Field Goal	Mid-Range	21	29	215	0
Jump Shot	3PT Field Goal	Above the Break 3	24	-69	237	0
Pullup Jump shot	3PT Field Goal	Above the Break 3	25	112	229	1
Jump Shot	3PT Field Goal	Above the Break 3	24	17	247	1
Jump Shot	3PT Field Goal	Above the Break 3	24	96	230	0
Pullup Jump shot	2PT Field Goal	Restricted Area	1	2	17	0
Jump Shot	2PT Field Goal	Mid-Range	22	-192	109	1
Pullup Jump shot	3PT Field Goal	Above the Break 3	24	131	207	0
Pullup Jump shot	3PT Field Goal	Above the Break 3	24	222	113	1
Jump Shot	3PT Field Goal	Above the Break 3	25	-88	244	0
Layup Shot	2PT Field Goal	In The Paint (Non-RA)	8	-51	65	0
Jump Shot	3PT Field Goal	Above the Break 3	25	-210	139	0
Driving Layup Shot	2PT Field Goal	Restricted Area	3	-11	33	0
Driving Layup Shot	2PT Field Goal	Restricted Area	3	-22	27	0
Running Layup Shot	2PT Field Goal	In The Paint (Non-RA)	9	38	88	1
Jump Shot	3PT Field Goal	Right Corner 3	23	227	41	0
Driving Dunk Shot	2PT Field Goal	Restricted Area	1	0	10	1
Pullup Jump shot	3PT Field Goal	Above the Break 3	25	-117	231	0
Running Layup Shot	2PT Field Goal	Restricted Area	1	-9	7	1
Jump Shot	2PT Field Goal	Mid-Range	21	130	173	1
Step Back Jump shot	2PT Field Goal	Mid-Range	19	93	171	0
Layup Shot	2PT Field Goal	Restricted Area	2	2	29	0
Running Layup Shot	2PT Field Goal	Restricted Area	2	18	20	1
Reverse Layup Shot	2PT Field Goal	Restricted Area	0	0	6	1
Jump Bank Shot	2PT Field Goal	Mid-Range	9	-87	36	0
Alley Oop Layup shot	2PT Field Goal	Restricted Area	1	1	14	1
Layup Shot	2PT Field Goal	Restricted Area	3	25	24	0
Jump Shot	3PT Field Goal	Above the Break 3	25	-116	229	0
Layup Shot	2PT Field Goal	In The Paint (Non-RA)	4	8	46	0
Putback Layup Shot	2PT Field Goal	Restricted Area	1	8	13	1
Driving Floating Jump Shot	2PT Field Goal	In The Paint (Non-RA)	11	57	105	0
Jump Shot	3PT Field Goal	Left Corner 3	22	-222	41	0
Running Layup Shot	2PT Field Goal	Restricted Area	3	-13	33	1
Turnaround Bank Hook Shot	2PT Field Goal	Restricted Area	2	4	25	0
Cutting Dunk Shot	2PT Field Goal	Restricted Area	1	11	8	1
Driving Reverse Layup Shot	2PT Field Goal	Restricted Area	1	2	18	1
Jump Shot	2PT Field Goal	Mid-Range	20	143	152	1
Jump Shot	3PT Field Goal	Right Corner 3	24	227	78	0
Driving Dunk Shot	2PT Field Goal	Restricted Area	2	-24	2	1
Jump Shot	3PT Field Goal	Above the Break 3	27	-117	247	0
Driving Floating Bank Jump Shot	2PT Field Goal	Restricted Area	1	-16	10	1
Pullup Jump shot	2PT Field Goal	Mid-Range	21	-110	183	0
Driving Layup Shot	2PT Field Goal	Restricted Area	1	-13	3	1
Jump Shot	2PT Field Goal	In The Paint (Non-RA)	5	-6	57	1
Reverse Layup Shot	2PT Field Goal	Restricted Area	0	6	-2	1
Layup Shot	2PT Field Goal	Restricted Area	3	-31	8	0
Fadeaway Jump Shot	2PT Field Goal	In The Paint (Non-RA)	8	79	34	0
Layup Shot	2PT Field Goal	Restricted Area	2	-22	17	1
Driving Layup Shot	2PT Field Goal	Restricted Area	0	3	3	1
Jump Shot	3PT Field Goal	Above the Break 3	26	-89	245	0
Driving Layup Shot	2PT Field Goal	Restricted Area	1	-19	4	1
Alley Oop Dunk Shot	2PT Field Goal	Restricted Area	1	-3	14	1
Jump Shot	3PT Field Goal	Above the Break 3	24	217	114	0
Jump Shot	3PT Field Goal	Above the Break 3	30	-128	272	1
Jump Shot	3PT Field Goal	Above the Break 3	25	-52	252	1
Jump Shot	3PT Field Goal	Above the Break 3	26	57	262	1
Jump Shot	3PT Field Goal	Above the Break 3	25	188	174	0
Fadeaway Jump Shot	2PT Field Goal	In The Paint (Non-RA)	9	-34	89	0
Driving Layup Shot	2PT Field Goal	Restricted Area	2	21	12	1
Layup Shot	2PT Field Goal	Restricted Area	0	4	4	1
Driving Layup Shot	2PT Field Goal	Restricted Area	0	-3	6	1
Reverse Layup Shot	2PT Field Goal	Restricted Area	0	-9	1	1
Turnaround Jump Shot	2PT Field Goal	In The Paint (Non-RA)	11	10	116	0
Fadeaway Jump Shot	2PT Field Goal	In The Paint (Non-RA)	12	-10	128	1
Turnaround Fadeaway shot	2PT Field Goal	Mid-Range	19	-199	4	0
Turnaround Fadeaway shot	2PT Field Goal	Mid-Range	21	-116	178	0
Jump Shot	3PT Field Goal	Above the Break 3	26	-127	227	0
Turnaround Hook Shot	2PT Field Goal	In The Paint (Non-RA)	9	-45	84	0
Driving Layup Shot	2PT Field Goal	Restricted Area	0	5	-1	1
Driving Floating Jump Shot	2PT Field Goal	In The Paint (Non-RA)	12	62	104	0
Tip Layup Shot	2PT Field Goal	Restricted Area	0	0	-6	0
Layup Shot	2PT Field Goal	Restricted Area	0	-9	-1	0
Tip Layup Shot	2PT Field Goal	Restricted Area	1	-15	3	0
Tip Layup Shot	2PT Field Goal	Restricted Area	0	0	-6	1
Turnaround Hook Shot	2PT Field Goal	In The Paint (Non-RA)	10	54	90	0
Cutting Layup Shot	2PT Field Goal	Restricted Area	2	12	26	0
Floating Jump shot	2PT Field Goal	In The Paint (Non-RA)	10	23	105	1
Running Layup Shot	2PT Field Goal	Restricted Area	0	6	4	0
Jump Shot	3PT Field Goal	Above the Break 3	31	142	278	0
Running Reverse Layup Shot	2PT Field Goal	Restricted Area	1	0	14	1
Jump Shot	3PT Field Goal	Above the Break 3	26	-81	256	0
Running Jump Shot	3PT Field Goal	Above the Break 3	28	-35	284	0
Alley Oop Layup shot	2PT Field Goal	Restricted Area	1	13	14	1
Jump Shot	3PT Field Goal	Above the Break 3	25	133	216	0
Cutting Dunk Shot	2PT Field Goal	Restricted Area	2	19	11	1
Running Layup Shot	2PT Field Goal	Restricted Area	1	2	15	0
Driving Floating Bank Jump Shot	2PT Field Goal	Restricted Area	1	-6	14	1
Driving Bank Hook Shot	2PT Field Goal	In The Paint (Non-RA)	4	12	48	1
Driving Bank Hook Shot	2PT Field Goal	Restricted Area	2	7	19	1
Pullup Jump shot	3PT Field Goal	Above the Break 3	28	-68	272	0
Running Jump Shot	3PT Field Goal	Above the Break 3	25	7	257	0
Cutting Layup Shot	2PT Field Goal	Restricted Area	1	-16	1	1
Running Dunk Shot	2PT Field Goal	Restricted Area	1	3	19	1
Jump Shot	2PT Field Goal	Mid-Range	19	-169	101	0
Pullup Jump shot	3PT Field Goal	Above the Break 3	26	-66	260	1
Running Dunk Shot	2PT Field Goal	Restricted Area	2	-12	21	1
Jump Shot	3PT Field Goal	Above the Break 3	26	165	207	1
Jump Shot	3PT Field Goal	Above the Break 3	29	-100	273	1
Running Layup Shot	2PT Field Goal	Restricted Area	2	5	26	0
Pullup Jump shot	3PT Field Goal	Above the Break 3	26	-33	260	0
Fadeaway Jump Shot	2PT Field Goal	Mid-Range	16	-133	99	0
Jump Shot	3PT Field Goal	Above the Break 3	26	135	230	0
Hook Bank Shot	2PT Field Goal	In The Paint (Non-RA)	5	-38	44	0
Step Back Jump shot	2PT Field Goal	Mid-Range	21	-134	163	0
Fadeaway Jump Shot	2PT Field Goal	Restricted Area	2	19	22	1
Step Back Jump shot	3PT Field Goal	Right Corner 3	24	245	17	1
Jump Shot	3PT Field Goal	Above the Break 3	24	95	223	1
Jump Shot	3PT Field Goal	Above the Break 3	25	194	158	0
Jump Shot	3PT Field Goal	Above the Break 3	29	-13	298	0
Cutting Dunk Shot	2PT Field Goal	Restricted Area	2	-9	25	1
Reverse Layup Shot	2PT Field Goal	Restricted Area	2	-9	18	0
Jump Shot	3PT Field Goal	Above the Break 3	26	-161	214	0
Putback Dunk Shot	2PT Field Goal	Restricted Area	0	0	-6	1
Pullup Jump shot	2PT Field Goal	Mid-Range	17	-74	154	1
Driving Layup Shot	2PT Field Goal	Restricted Area	1	11	10	1
Driving Layup Shot	2PT Field Goal	Restricted Area	3	0	32	0
Driving Reverse Layup Shot	2PT Field Goal	Restricted Area	1	5	14	1
Fadeaway Jump Shot	2PT Field Goal	Mid-Range	8	-85	5	0
Pullup Jump shot	3PT Field Goal	Above the Break 3	24	-74	231	1
Layup Shot	2PT Field Goal	Restricted Area	1	3	19	0
Driving Dunk Shot	2PT Field Goal	Restricted Area	1	5	14	1
Jump Shot	3PT Field Goal	Above the Break 3	25	159	205	1
Jump Shot	3PT Field Goal	Above the Break 3	26	134	230	0
Jump Shot	3PT Field Goal	Above the Break 3	29	-70	284	0
Driving Layup Shot	2PT Field Goal	Restricted Area	2	-15	15	1
Cutting Dunk Shot	2PT Field Goal	Restricted Area	0	5	1	1
Jump Shot	3PT Field Goal	Above the Break 3	25	213	134	0
Running Alley Oop Dunk Shot	2PT Field Goal	Restricted Area	0	1	8	1
Running Pull-Up Jump Shot	3PT Field Goal	Above the Break 3	24	-9	246	1
Driving Finger Roll Layup Shot	2PT Field Goal	Restricted Area	2	-2	26	0
Driving Layup Shot	2PT Field Goal	Restricted Area	0	6	3	1
Cutting Layup Shot	2PT Field Goal	Restricted Area	0	-4	3	1
Jump Shot	3PT Field Goal	Right Corner 3	24	239	25	1
Running Pull-Up Jump Shot	3PT Field Goal	Above the Break 3	25	-152	204	0
Jump Shot	3PT Field Goal	Above the Break 3	25	95	237	1
Running Layup Shot	2PT Field Goal	Restricted Area	1	-8	15	0
Jump Shot	3PT Field Goal	Above the Break 3	27	42	270	0
Jump Shot	3PT Field Goal	Above the Break 3	25	166	194	0
Turnaround Fadeaway shot	2PT Field Goal	Mid-Range	15	91	131	0
Running Layup Shot	2PT Field Goal	Restricted Area	0	9	-3	0
Turnaround Hook Shot	2PT Field Goal	Restricted Area	3	-38	-4	0
Driving Floating Bank Jump Shot	2PT Field Goal	Restricted Area	3	6	38	1
Jump Shot	3PT Field Goal	Above the Break 3	26	2	262	1
Jump Shot	3PT Field Goal	Above the Break 3	25	-100	236	0
Running Layup Shot	2PT Field Goal	Restricted Area	3	-27	17	0
Driving Dunk Shot	2PT Field Goal	Restricted Area	0	-1	2	1
Running Layup Shot	2PT Field Goal	Restricted Area	1	6	16	1
Layup Shot	2PT Field Goal	In The Paint (Non-RA)	4	36	29	0
Running Layup Shot	2PT Field Goal	Restricted Area	2	-3	27	0
Reverse Layup Shot	2PT Field Goal	Restricted Area	1	-10	1	0
Jump Shot	3PT Field Goal	Above the Break 3	29	-84	282	0
Cutting Dunk Shot	2PT Field Goal	Restricted Area	2	7	29	1
Running Layup Shot	2PT Field Goal	Restricted Area	2	-3	21	1
Jump Shot	3PT Field Goal	Above the Break 3	26	145	221	1
Fadeaway Jump Shot	3PT Field Goal	Left Corner 3	23	-230	22	0
Driving Layup Shot	2PT Field Goal	Restricted Area	2	9	19	1
Jump Shot	3PT Field Goal	Above the Break 3	27	169	222	0
Driving Floating Bank Jump Shot	2PT Field Goal	Restricted Area	3	-17	29	1
Jump Shot	3PT Field Goal	Above the Break 3	26	-177	191	0
Jump Shot	3PT Field Goal	Above the Break 3	27	-197	193	0
Layup Shot	2PT Field Goal	Restricted Area	1	-8	16	1
Driving Layup Shot	2PT Field Goal	Restricted Area	1	-16	11	0
Driving Layup Shot	2PT Field Goal	Restricted Area	3	-13	31	1
Driving Layup Shot	2PT Field Goal	Restricted Area	1	2	11	1
Floating Jump shot	2PT Field Goal	In The Paint (Non-RA)	5	17	57	0
Pullup Jump shot	3PT Field Goal	Above the Break 3	26	-141	219	1
Pullup Jump shot	3PT Field Goal	Above the Break 3	27	107	257	1
Fadeaway Jump Shot	3PT Field Goal	Above the Break 3	26	180	201	0
Turnaround Fadeaway shot	2PT Field Goal	Mid-Range	11	-113	16	0
Running Pull-Up Jump Shot	3PT Field Goal	Above the Break 3	27	-35	268	0
Fadeaway Jump Shot	2PT Field Goal	In The Paint (Non-RA)	12	-37	116	1
Jump Shot	3PT Field Goal	Above the Break 3	25	-92	237	0
Layup Shot	2PT Field Goal	Restricted Area	2	-3	25	1
Jump Shot	2PT Field Goal	Mid-Range	18	165	84	1
Driving Layup Shot	2PT Field Goal	Restricted Area	1	-8	11	1
Driving Layup Shot	2PT Field Goal	Restricted Area	0	1	0	1
Driving Floating Jump Shot	2PT Field Goal	In The Paint (Non-RA)	5	-36	41	0
Step Back Jump shot	3PT Field Goal	Above the Break 3	25	123	228	0
Running Layup Shot	2PT Field Goal	Restricted Area	1	-6	18	1
Reverse Layup Shot	2PT Field Goal	Restricted Area	3	-9	29	0
Driving Finger Roll Layup Shot	2PT Field Goal	Restricted Area	1	-14	13	1
Driving Layup Shot	2PT Field Goal	Restricted Area	2	11	22	1
Jump Shot	3PT Field Goal	Above the Break 3	26	-176	202	0
Driving Dunk Shot	2PT Field Goal	Restricted Area	2	-14	23	1
Driving Dunk Shot	2PT Field Goal	Restricted Area	1	0	18	1
Reverse Layup Shot	2PT Field Goal	Restricted Area	2	-11	20	1
Fadeaway Jump Shot	2PT Field Goal	Mid-Range	9	-93	-8	1
Running Dunk Shot	2PT Field Goal	Restricted Area	1	2	13	1
Floating Jump shot	2PT Field Goal	In The Paint (Non-RA)	6	64	7	0
Cutting Dunk Shot	2PT Field Goal	Restricted Area	0	-7	7	1
Turnaround Fadeaway shot	2PT Field Goal	Mid-Range	14	-133	47	1
Jump Shot	3PT Field Goal	Left Corner 3	22	-223	23	0
Floating Jump shot	2PT Field Goal	In The Paint (Non-RA)	8	-1	86	0
Driving Layup Shot	2PT Field Goal	Restricted Area	3	19	28	0
Running Pull-Up Jump Shot	3PT Field Goal	Above the Break 3	27	-125	249	0
Jump Shot	2PT Field Goal	In The Paint (Non-RA)	7	-9	76	0
Pullup Jump shot	2PT Field Goal	Mid-Range	19	162	104	0
Driving Reverse Layup Shot	2PT Field Goal	Restricted Area	1	-5	14	1
Running Layup Shot	2PT Field Goal	Restricted Area	1	9	8	1
Running Layup Shot	2PT Field Goal	Restricted Area	2	-2	27	1
Cutting Layup Shot	2PT Field Goal	Restricted Area	1	-6	14	1
Reverse Layup Shot	2PT Field Goal	Restricted Area	2	20	15	1
Step Back Jump shot	3PT Field Goal	Above the Break 3	25	-120	222	1
Step Back Jump shot	3PT Field Goal	Above the Break 3	25	-165	200	0
Jump Shot	3PT Field Goal	Above the Break 3	25	-90	242	0
Reverse Layup Shot	2PT Field Goal	Restricted Area	2	18	11	1
Cutting Dunk Shot	2PT Field Goal	Restricted Area	1	6	11	1
Pullup Jump shot	2PT Field Goal	In The Paint (Non-RA)	9	18	94	1
Pullup Jump shot	2PT Field Goal	Mid-Range	18	79	164	0
Jump Shot	3PT Field Goal	Above the Break 3	25	-103	233	0
Driving Reverse Layup Shot	2PT Field Goal	Restricted Area	1	-12	2	0
Running Finger Roll Layup Shot	2PT Field Goal	Restricted Area	1	-1	12	1
Driving Layup Shot	2PT Field Goal	Restricted Area	2	-20	2	1
Cutting Layup Shot	2PT Field Goal	Restricted Area	1	-16	0	1
Layup Shot	2PT Field Goal	Restricted Area	0	4	-4	1
Dunk Shot	2PT Field Goal	Restricted Area	0	-3	2	1
Jump Shot	2PT Field Goal	Above the Break 3	23	-9	238	0
Driving Layup Shot	2PT Field Goal	Restricted Area	1	-19	-1	0
Putback Layup Shot	2PT Field Goal	Restricted Area	0	0	-6	1
Driving Finger Roll Layup Shot	2PT Field Goal	Restricted Area	1	11	6	1
Jump Shot	2PT Field Goal	Mid-Range	19	36	193	0
Floating Jump shot	2PT Field Goal	In The Paint (Non-RA)	10	40	95	1
Running Reverse Dunk Shot	2PT Field Goal	Restricted Area	0	3	-4	1
Driving Finger Roll Layup Shot	2PT Field Goal	In The Paint (Non-RA)	5	-13	58	0
Pullup Jump shot	3PT Field Goal	Above the Break 3	26	188	182	1
Layup Shot	2PT Field Goal	Restricted Area	1	6	10	1
Jump Shot	3PT Field Goal	Above the Break 3	24	61	240	0
Pullup Jump shot	2PT Field Goal	Mid-Range	18	-51	173	1
Pullup Jump shot	2PT Field Goal	Mid-Range	20	5	204	0
Fadeaway Jump Shot	3PT Field Goal	Above the Break 3	25	169	192	1
Driving Dunk Shot	2PT Field Goal	Restricted Area	0	2	5	1
Alley Oop Dunk Shot	2PT Field Goal	Restricted Area	1	8	6	1
Driving Layup Shot	2PT Field Goal	Restricted Area	1	3	10	1
Pullup Jump shot	2PT Field Goal	Mid-Range	19	-74	183	0
Driving Finger Roll Layup Shot	2PT Field Goal	Restricted Area	1	-14	10	0
Jump Shot	3PT Field Goal	Above the Break 3	24	-134	208	0
Driving Finger Roll Layup Shot	2PT Field Goal	Restricted Area	2	20	11	1
Driving Layup Shot	2PT Field Goal	Restricted Area	2	23	1	0
Running Dunk Shot	2PT Field Goal	Restricted Area	0	2	9	1
Running Layup Shot	2PT Field Goal	Restricted Area	1	19	-1	1
Jump Shot	3PT Field Goal	Left Corner 3	23	-226	59	1
Step Back Jump shot	3PT Field Goal	Above the Break 3	24	-95	222	0
Driving Floating Bank Jump Shot	2PT Field Goal	In The Paint (Non-RA)	11	3	115	0
Turnaround Fadeaway shot	2PT Field Goal	Mid-Range	11	-119	6	1
Driving Floating Bank Jump Shot	2PT Field Goal	In The Paint (Non-RA)	6	69	10	0
Turnaround Fadeaway shot	2PT Field Goal	Mid-Range	10	-104	1	1
Running Pull-Up Jump Shot	3PT Field Goal	Above the Break 3	26	-177	194	0
Running Reverse Layup Shot	2PT Field Goal	Restricted Area	1	4	17	1
Pullup Jump shot	3PT Field Goal	Right Corner 3	22	222	54	0
Running Dunk Shot	2PT Field Goal	Restricted Area	1	-1	12	1
Fadeaway Jump Shot	2PT Field Goal	In The Paint (Non-RA)	13	27	130	0
Driving Dunk Shot	2PT Field Goal	Restricted Area	1	3	13	1
Cutting Dunk Shot	2PT Field Goal	Restricted Area	2	-8	21	1
Driving Layup Shot	2PT Field Goal	Restricted Area	3	-8	38	0
Driving Finger Roll Layup Shot	2PT Field Goal	Restricted Area	3	-25	25	1
Jump Shot	2PT Field Goal	Mid-Range	20	-131	156	1
Jump Shot	3PT Field Goal	Above the Break 3	25	-3	255	0
Fadeaway Jump Shot	2PT Field Goal	Mid-Range	10	-106	24	1
Pullup Jump shot	3PT Field Goal	Above the Break 3	25	-147	206	0
Driving Dunk Shot	2PT Field Goal	Restricted Area	0	-5	1	1
Jump Shot	2PT Field Goal	In The Paint (Non-RA)	11	-8	116	1
Jump Shot	3PT Field Goal	Above the Break 3	25	-134	214	0
Reverse Layup Shot	2PT Field Goal	Restricted Area	1	18	5	1
Jump Shot	3PT Field Goal	Above the Break 3	25	-199	160	0
Driving Layup Shot	2PT Field Goal	Restricted Area	0	-3	-1	1
Turnaround Jump Shot	2PT Field Goal	Mid-Range	8	-85	1	1
Turnaround Fadeaway shot	2PT Field Goal	Mid-Range	16	-157	63	0
Jump Shot	2PT Field Goal	Mid-Range	22	-82	207	1
Jump Shot	3PT Field Goal	Above the Break 3	26	-132	233	0
Jump Shot	2PT Field Goal	Mid-Range	21	93	190	0
Driving Layup Shot	2PT Field Goal	Restricted Area	2	-23	10	0
Turnaround Jump Shot	2PT Field Goal	Mid-Range	17	26	174	0
Layup Shot	2PT Field Goal	In The Paint (Non-RA)	4	35	20	0
Driving Layup Shot	2PT Field Goal	Restricted Area	3	-25	29	1
Driving Layup Shot	2PT Field Goal	Restricted Area	0	3	4	1
Turnaround Fadeaway shot	2PT Field Goal	Mid-Range	13	-117	62	0
Jump Shot	2PT Field Goal	Mid-Range	21	-51	209	1
Jump Shot	3PT Field Goal	Above the Break 3	24	173	169	0
Driving Layup Shot	2PT Field Goal	Restricted Area	1	-8	12	0
Jump Shot	2PT Field Goal	Mid-Range	21	75	201	0
Running Jump Shot	2PT Field Goal	Mid-Range	12	-93	84	0
Floating Jump shot	2PT Field Goal	In The Paint (Non-RA)	4	41	18	0
Pullup Jump shot	2PT Field Goal	In The Paint (Non-RA)	9	64	68	0
Pullup Jump shot	2PT Field Goal	In The Paint (Non-RA)	14	53	137	0
Putback Layup Shot	2PT Field Goal	Restricted Area	0	-3	4	1
Layup Shot	2PT Field Goal	Restricted Area	1	11	2	0
Putback Layup Shot	2PT Field Goal	Restricted Area	1	-17	2	1
Running Dunk Shot	2PT Field Goal	Restricted Area	3	-7	32	1
Layup Shot	2PT Field Goal	Restricted Area	1	-9	15	0
Driving Hook Shot	2PT Field Goal	Restricted Area	3	-13	28	0
Jump Shot	3PT Field Goal	Above the Break 3	26	-136	225	0
Jump Shot	3PT Field Goal	Left Corner 3	24	-240	-3	0
Pullup Jump shot	2PT Field Goal	Mid-Range	15	-18	157	0
Driving Finger Roll Layup Shot	2PT Field Goal	Restricted Area	2	-6	26	1
Driving Reverse Layup Shot	2PT Field Goal	Restricted Area	2	13	19	0
Hook Shot	2PT Field Goal	Restricted Area	3	-13	32	0
Driving Layup Shot	2PT Field Goal	Restricted Area	1	-6	15	1
Jump Shot	3PT Field Goal	Above the Break 3	27	-157	229	0
Turnaround Jump Shot	2PT Field Goal	In The Paint (Non-RA)	13	-63	120	0
Cutting Dunk Shot	2PT Field Goal	Restricted Area	0	-3	5	1
Driving Layup Shot	2PT Field Goal	Restricted Area	1	2	17	1
Jump Shot	3PT Field Goal	Above the Break 3	26	-85	255	0
Driving Layup Shot	2PT Field Goal	Restricted Area	1	2	14	0
Running Pull-Up Jump Shot	3PT Field Goal	Above the Break 3	28	101	262	1
Step Back Jump shot	3PT Field Goal	Above the Break 3	26	-201	167	0
Jump Shot	3PT Field Goal	Above the Break 3	25	-108	226	0
Driving Dunk Shot	2PT Field Goal	Restricted Area	1	-2	10	1
Driving Layup Shot	2PT Field Goal	Restricted Area	2	12	20	0
Driving Layup Shot	2PT Field Goal	In The Paint (Non-RA)	4	-2	41	1
Pullup Jump shot	2PT Field Goal	Mid-Range	18	84	167	1
Turnaround Fadeaway shot	2PT Field Goal	Mid-Range	15	14	151	0
Jump Shot	3PT Field Goal	Above the Break 3	26	52	257	1
Driving Layup Shot	2PT Field Goal	Restricted Area	1	8	14	0
Layup Shot	2PT Field Goal	Restricted Area	2	20	17	0
Putback Layup Shot	2PT Field Goal	Restricted Area	3	19	30	0
Turnaround Jump Shot	2PT Field Goal	Mid-Range	15	-134	73	0
Turnaround Hook Shot	2PT Field Goal	Restricted Area	3	-24	24	0
Pullup Jump shot	3PT Field Goal	Above the Break 3	25	95	235	1
Jump Shot	3PT Field Goal	Above the Break 3	26	-73	254	1
Jump Shot	3PT Field Goal	Above the Break 3	24	177	167	0
Cutting Dunk Shot	2PT Field Goal	Restricted Area	0	-5	7	1
Pullup Jump shot	3PT Field Goal	Above the Break 3	25	106	233	0
Fadeaway Jump Shot	2PT Field Goal	Mid-Range	19	-54	185	0
Driving Floating Jump Shot	2PT Field Goal	In The Paint (Non-RA)	6	-8	60	0
Driving Layup Shot	2PT Field Goal	Restricted Area	1	14	7	1
Cutting Layup Shot	2PT Field Goal	Restricted Area	1	-16	8	1
Jump Shot	3PT Field Goal	Above the Break 3	26	-204	170	0
Fadeaway Jump Shot	2PT Field Goal	Mid-Range	16	163	23	0
Jump Shot	3PT Field Goal	Above the Break 3	25	44	247	0
Driving Floating Jump Shot	2PT Field Goal	In The Paint (Non-RA)	11	-31	115	0
Driving Layup Shot	2PT Field Goal	Restricted Area	2	19	11	0
Running Layup Shot	2PT Field Goal	Restricted Area	2	18	10	1
Alley Oop Layup shot	2PT Field Goal	Restricted Area	2	13	21	1
Step Back Jump shot	2PT Field Goal	Mid-Range	20	150	138	1
Step Back Jump shot	2PT Field Goal	Mid-Range	21	11	211	1
Jump Shot	3PT Field Goal	Right Corner 3	23	235	46	0
Driving Reverse Layup Shot	2PT Field Goal	Restricted Area	2	-16	13	1
Running Dunk Shot	2PT Field Goal	Restricted Area	0	0	9	1
Jump Shot	3PT Field Goal	Above the Break 3	26	-28	268	1
Turnaround Fadeaway shot	2PT Field Goal	Mid-Range	17	58	160	1
Layup Shot	2PT Field Goal	Restricted Area	1	-1	11	1
Jump Shot	3PT Field Goal	Above the Break 3	27	-95	258	0
Turnaround Jump Shot	2PT Field Goal	Mid-Range	16	13	160	0
Step Back Jump shot	3PT Field Goal	Above the Break 3	26	-225	133	0
Driving Layup Shot	2PT Field Goal	Restricted Area	0	6	5	1
Jump Shot	3PT Field Goal	Above the Break 3	26	105	238	0
Turnaround Fadeaway shot	2PT Field Goal	Mid-Range	8	-82	31	1
Turnaround Fadeaway shot	2PT Field Goal	Mid-Range	17	-160	75	0
Step Back Jump shot	3PT Field Goal	Above the Break 3	25	221	122	0
Cutting Dunk Shot	2PT Field Goal	Restricted Area	2	3	20	1
Jump Shot	3PT Field Goal	Above the Break 3	27	-53	266	0
Driving Finger Roll Layup Shot	2PT Field Goal	Restricted Area	1	12	6	1
Cutting Dunk Shot	2PT Field Goal	Restricted Area	2	2	20	1
Driving Dunk Shot	2PT Field Goal	Restricted Area	0	-2	0	1
Step Back Jump shot	2PT Field Goal	Mid-Range	21	143	164	0
Driving Floating Jump Shot	2PT Field Goal	In The Paint (Non-RA)	5	54	4	0
Jump Shot	3PT Field Goal	Above the Break 3	26	82	248	0
Jump Shot	2PT Field Goal	Mid-Range	21	-24	210	1
Step Back Jump shot	2PT Field Goal	Mid-Range	21	-145	157	1
Jump Shot	3PT Field Goal	Above the Break 3	26	129	226	1
Step Back Jump shot	2PT Field Goal	Mid-Range	18	128	137	0
Driving Layup Shot	2PT Field Goal	Restricted Area	1	-1	10	1
Turnaround Fadeaway shot	2PT Field Goal	Mid-Range	20	112	173	0
Jump Shot	3PT Field Goal	Above the Break 3	25	201	152	1
Jump Shot	2PT Field Goal	Mid-Range	17	-47	173	0
Step Back Jump shot	3PT Field Goal	Above the Break 3	27	58	265	1
Step Back Jump shot	3PT Field Goal	Above the Break 3	26	93	251	1