Year	Votes (%)	Party	State
1976	42.61	republican	Alabama
1976	0.78	other	Alabama
1976	0.56	other	Alabama
1976	0.17	other	Alabama
1976	0.13	other	Alabama
1976	55.73	democrat	Alabama
1976	57.9	republican	Alaska
1976	5.49	other	Alaska
1976	35.65	democrat	Alaska
1976	56.37	republican	Arizona
1976	2.59	other	Arizona
1976	1.03	other	Arizona
1976	0.12	other	Arizona
1976	0.08	other	Arizona
1976	0.01	other	Arizona
1976	39.8	democrat	Arizona
1976	34.9	republican	Arkansas
1976	0.05	other	Arkansas
1976	64.96	democrat	Arkansas
1976	49.75	republican	California
1976	0.72	other	California
1976	0.65	other	California
1976	0.53	other	California
1976	0.22	other	California
1976	0.16	other	California
1976	47.95	democrat	California
1976	54.03	republican	Colorado
1976	2.41	other	Colorado
1976	0.49	other	Colorado
1976	0.27	other	Colorado
1976	0.1	other	Colorado
1976	0.05	other	Colorado
1976	0.04	other	Colorado
1976	42.61	democrat	Colorado
1976	51.88	republican	Connecticut
1976	0.74	other	Connecticut
1976	0.51	other	Connecticut
1976	0.13	other	Connecticut
1976	46.73	democrat	Connecticut
1976	46.59	republican	Delaware
1976	0.27	other	Delaware
1976	0.06	other	Delaware
1976	0.04	other	Delaware
1976	51.97	democrat	Delaware
1976	16.51	republican	District of Columbia
1976	0.98	other	District of Columbia
1976	81.63	democrat	District of Columbia
1976	46.64	republican	Florida
1976	0.75	other	Florida
1976	0.68	other	Florida
1976	51.93	democrat	Florida
1976	33.06	republican	Georgia
1976	66.94	democrat	Georgia
1976	48.06	republican	Hawaii
1976	1.35	other	Hawaii
1976	50.59	democrat	Hawaii
1976	59.88	republican	Idaho
1976	1.74	other	Idaho
1976	1.04	other	Idaho
1976	0.22	other	Idaho
1976	37.12	democrat	Idaho
1976	50.08	republican	Illinois
1976	1.18	other	Illinois
1976	0.2	other	Illinois
1976	0.17	other	Illinois
1976	0.08	other	Illinois
1976	0.05	other	Illinois
1976	0.04	other	Illinois
1976	48.11	democrat	Illinois
1976	53.32	republican	Indiana
1976	0.63	other	Indiana
1976	0.26	other	Indiana
1976	0.09	other	Indiana
1976	45.7	democrat	Indiana
1976	49.47	republican	Iowa
1976	1.57	other	Iowa
1976	0.24	other	Iowa
1976	0.11	other	Iowa
1976	0.04	other	Iowa
1976	0.04	other	Iowa
1976	0.02	other	Iowa
1976	0.02	other	Iowa
1976	0.02	other	Iowa
1976	0.01	other	Iowa
1976	48.46	democrat	Iowa
1976	52.49	republican	Kansas
1976	1.38	other	Kansas
1976	0.49	other	Kansas
1976	0.34	other	Kansas
1976	0.22	other	Kansas
1976	0.15	other	Kansas
1976	44.94	democrat	Kansas
1976	45.57	republican	Kentucky
1976	0.71	other	Kentucky
1976	0.59	other	Kentucky
1976	0.2	other	Kentucky
1976	0.07	other	Kentucky
1976	0.04	other	Kentucky
1976	0.04	other	Kentucky
1976	0.03	other	Kentucky
1976	52.75	democrat	Kentucky
1976	45.99	republican	Louisiana
1976	0.79	other	Louisiana
1976	0.58	other	Louisiana
1976	0.51	other	Louisiana
1976	0.25	other	Louisiana
1976	0.12	other	Louisiana
1976	51.77	democrat	Louisiana
1976	48.93	republican	Maine
1976	2.25	other	Maine
1976	0.72	other	Maine
1976	48.09	democrat	Maine
1976	46.96	republican	Maryland
1976	53.04	democrat	Maryland
1976	40.44	republican	Massachusetts
1976	2.58	other	Massachusetts
1976	0.32	other	Massachusetts
1976	0.3	other	Massachusetts
1976	0.19	other	Massachusetts
1976	0.05	other	Massachusetts
1976	0.01	other	Massachusetts
1976	0	other	Massachusetts
1976	56.11	democrat	Massachusetts
1976	51.86	republican	Michigan
1976	1.31	other	Michigan
1976	0.15	other	Michigan
1976	0.1	other	Michigan
1976	0.05	other	Michigan
1976	0.04	other	Michigan
1976	0.03	other	Michigan
1976	46.47	democrat	Michigan
1976	42.02	republican	Minnesota
1976	1.82	other	Minnesota
1976	0.7	other	Minnesota
1976	0.21	other	Minnesota
1976	0.18	other	Minnesota
1976	0.06	other	Minnesota
1976	0.03	other	Minnesota
1976	0.03	other	Minnesota
1976	0.02	other	Minnesota
1976	0.02	other	Minnesota
1976	54.9	democrat	Minnesota
1976	47.74	republican	Mississippi
1976	0.87	other	Mississippi
1976	0.53	other	Mississippi
1976	0.53	other	Mississippi
1976	0.37	other	Mississippi
1976	0.34	other	Mississippi
1976	49.63	democrat	Mississippi
1976	47.47	republican	Missouri
1976	1.23	other	Missouri
1976	0.19	other	Missouri
1976	51.1	democrat	Missouri
1976	52.84	republican	Montana
1976	1.76	other	Montana
1976	45.4	democrat	Montana
1976	59.2	republican	Nebraska
1976	1.55	other	Nebraska
1976	0.56	other	Nebraska
1976	0.24	other	Nebraska
1976	38.45	democrat	Nebraska
1976	50.17	republican	Nevada
1976	2.53	other	Nevada
1976	0.75	other	Nevada
1976	0.74	other	Nevada
1976	45.81	democrat	Nevada
1976	54.75	republican	New Hampshire
1976	1.21	other	New Hampshire
1976	0.28	other	New Hampshire
1976	0.18	other	New Hampshire
1976	0.05	other	New Hampshire
1976	0.05	other	New Hampshire
1976	0.02	other	New Hampshire
1976	43.47	democrat	New Hampshire
1976	50.08	republican	New Jersey
1976	1.09	other	New Jersey
1976	0.31	other	New Jersey
1976	0.26	other	New Jersey
1976	0.12	other	New Jersey
1976	0.06	other	New Jersey
1976	0.05	other	New Jersey
1976	0.04	other	New Jersey
1976	0.03	other	New Jersey
1976	0.02	other	New Jersey
1976	0.02	other	New Jersey
1976	47.92	democrat	New Jersey
1976	50.75	republican	New Mexico
1976	0.59	other	New Mexico
1976	0.27	other	New Mexico
1976	0.06	other	New Mexico
1976	0.05	other	New Mexico
1976	48.28	democrat	New Mexico
1976	42.38	republican	New York
1976	4.12	other	New York
1976	2.18	other	New York
1976	2.15	other	New York
1976	0.18	other	New York
1976	0.15	other	New York
1976	0.1	other	New York
1976	0.08	other	New York
1976	48.65	democrat	New York
1976	44.22	republican	North Carolina
1976	0.33	other	North Carolina
1976	0.13	other	North Carolina
1976	0.04	other	North Carolina
1976	55.27	democrat	North Carolina
1976	51.69	republican	North Dakota
1976	1.24	other	North Dakota
1976	0.99	other	North Dakota
1976	0.09	other	North Dakota
1976	0.09	other	North Dakota
1976	0.05	other	North Dakota
1976	0.03	other	North Dakota
1976	0.02	other	North Dakota
1976	0.01	other	North Dakota
1976	0.01	other	North Dakota
1976	45.77	democrat	North Dakota
1976	48.67	republican	Ohio
1976	1.42	other	Ohio
1976	0.38	other	Ohio
1976	0.22	other	Ohio
1976	0.19	other	Ohio
1976	0.12	other	Ohio
1976	0.11	other	Ohio
1976	0	other	Ohio
1976	0	other	Ohio
1976	48.9	democrat	Ohio
1976	49.96	republican	Oklahoma
1976	1.29	other	Oklahoma
1976	48.75	democrat	Oklahoma
1976	47.78	republican	Oregon
1976	3.9	other	Oregon
1976	0.1	other	Oregon
1976	47.62	democrat	Oregon
1976	47.73	republican	Pennsylvania
1976	1.09	other	Pennsylvania
1976	0.55	other	Pennsylvania
1976	0.07	other	Pennsylvania
1976	0.06	other	Pennsylvania
1976	0.06	other	Pennsylvania
1976	0.04	other	Pennsylvania
1976	50.4	democrat	Pennsylvania
1976	44.14	republican	Rhode Island
1976	0.17	other	Rhode Island
1976	0.11	other	Rhode Island
1976	0.08	other	Rhode Island
1976	0.05	other	Rhode Island
1976	55.44	democrat	Rhode Island
1976	43.13	republican	South Carolina
1976	0.37	other	South Carolina
1976	0.24	other	South Carolina
1976	56.17	democrat	South Carolina
1976	50.39	republican	South Dakota
1976	0.54	other	South Dakota
1976	0.11	other	South Dakota
1976	0.06	other	South Dakota
1976	48.91	democrat	South Dakota
1976	42.94	republican	Tennessee
1976	0.39	other	Tennessee
1976	0.34	other	Tennessee
1976	0.16	other	Tennessee
1976	0.09	other	Tennessee
1976	0.04	other	Tennessee
1976	0.03	other	Tennessee
1976	0.03	other	Tennessee
1976	55.94	democrat	Tennessee
1976	47.97	republican	Texas
1976	0.49	other	Texas
1976	0.28	other	Texas
1976	0.04	other	Texas
1976	51.14	democrat	Texas
1976	62.43	republican	Utah
1976	2.46	other	Utah
1976	0.72	other	Utah
1976	0.45	other	Utah
1976	0.21	other	Utah
1976	0.05	other	Utah
1976	0.02	other	Utah
1976	33.65	democrat	Utah
1976	54.59	republican	Vermont
1976	2.18	other	Vermont
1976	0.59	other	Vermont
1976	0.23	other	Vermont
1976	0.11	other	Vermont
1976	42.3	democrat	Vermont
1976	49.29	republican	Virginia
1976	1.05	other	Virginia
1976	0.98	other	Virginia
1976	0.44	other	Virginia
1976	0.27	other	Virginia
1976	47.96	democrat	Virginia
1976	50	republican	Washington
1976	2.38	other	Washington
1976	0.55	other	Washington
1976	0.35	other	Washington
1976	0.32	other	Washington
1976	0.07	other	Washington
1976	0.06	other	Washington
1976	0.06	other	Washington
1976	0.05	other	Washington
1976	0.05	other	Washington
1976	46.11	democrat	Washington
1976	41.93	republican	West Virginia
1976	58.07	democrat	West Virginia
1976	47.83	republican	Wisconsin
1976	1.66	other	Wisconsin
1976	0.41	other	Wisconsin
1976	0.2	other	Wisconsin
1976	0.18	other	Wisconsin
1976	0.12	other	Wisconsin
1976	0.08	other	Wisconsin
1976	0.02	other	Wisconsin
1976	49.5	democrat	Wisconsin
1976	59.3	republican	Wyoming
1976	39.81	democrat	Wyoming
1980	48.75	republican	Alabama
1980	1.23	other	Alabama
1980	1.12	other	Alabama
1980	0.99	other	Alabama
1980	0.13	other	Alabama
1980	0.12	other	Alabama
1980	0.1	other	Alabama
1980	0.07	other	Alabama
1980	0.04	other	Alabama
1980	47.45	democrat	Alabama
1980	54.35	republican	Alaska
1980	11.66	other	Alaska
1980	7.04	other	Alaska
1980	26.41	democrat	Alaska
1980	60.61	republican	Arizona
1980	8.81	other	Arizona
1980	2.15	other	Arizona
1980	0.13	other	Arizona
1980	0.06	other	Arizona
1980	0	other	Arizona
1980	0	other	Arizona
1980	28.24	democrat	Arizona
1980	48.13	republican	Arkansas
1980	2.68	other	Arkansas
1980	1.07	other	Arkansas
1980	0.28	other	Arkansas
1980	0.16	other	Arkansas
1980	0.15	other	Arkansas
1980	47.52	democrat	Arkansas
1980	52.7	republican	California
1980	8.62	other	California
1980	1.73	other	California
1980	0.71	other	California
1980	0.21	other	California
1980	0.11	other	California
1980	35.92	democrat	California
1980	55.07	republican	Colorado
1980	11.03	other	Colorado
1980	2.17	other	Colorado
1980	0.47	other	Colorado
1980	0.1	other	Colorado
1980	0.04	other	Colorado
1980	0.04	other	Colorado
1980	31.07	democrat	Colorado
1980	48.16	republican	Connecticut
1980	12.22	other	Connecticut
1980	0.61	other	Connecticut
1980	0.44	other	Connecticut
1980	38.52	democrat	Connecticut
1980	47.21	republican	Delaware
1980	6.91	other	Delaware
1980	0.84	other	Delaware
1980	0.17	other	Delaware
1980	44.87	democrat	Delaware
1980	13.41	republican	District of Columbia
1980	9.28	other	District of Columbia
1980	1.05	other	District of Columbia
1980	0.63	other	District of Columbia
1980	0.21	other	District of Columbia
1980	0.1	other	District of Columbia
1980	0.03	other	District of Columbia
1980	74.89	democrat	District of Columbia
1980	55.52	republican	Florida
1980	5.14	other	Florida
1980	0.83	other	Florida
1980	38.5	democrat	Florida
1980	40.97	republican	Georgia
1980	2.26	other	Georgia
1980	0.98	other	Georgia
1980	55.8	democrat	Georgia
1980	42.9	republican	Hawaii
1980	10.56	other	Hawaii
1980	1.08	other	Hawaii
1980	0.51	other	Hawaii
1980	0.15	other	Hawaii
1980	44.8	democrat	Hawaii
1980	66.46	republican	Idaho
1980	6.19	other	Idaho
1980	1.93	other	Idaho
1980	0.24	other	Idaho
1980	25.19	democrat	Idaho
1980	49.65	republican	Illinois
1980	7.3	other	Illinois
1980	0.82	other	Illinois
1980	0.23	other	Illinois
1980	0.2	other	Illinois
1980	0.05	other	Illinois
1980	0.03	other	Illinois
1980	41.72	democrat	Illinois
1980	56.01	republican	Indiana
1980	4.98	other	Indiana
1980	0.88	other	Indiana
1980	0.22	other	Indiana
1980	0.21	other	Indiana
1980	0.03	other	Indiana
1980	0.03	other	Indiana
1980	37.65	democrat	Indiana
1980	51.31	republican	Iowa
1980	8.78	other	Iowa
1980	1	other	Iowa
1980	0.17	other	Iowa
1980	0.04	other	Iowa
1980	0.02	other	Iowa
1980	0.02	other	Iowa
1980	0.01	other	Iowa
1980	0.01	other	Iowa
1980	38.6	democrat	Iowa
1980	57.85	republican	Kansas
1980	6.96	other	Kansas
1980	1.48	other	Kansas
1980	0.16	other	Kansas
1980	0.1	other	Kansas
1980	0.08	other	Kansas
1980	0.08	other	Kansas
1980	33.29	democrat	Kansas
1980	49.03	republican	Kentucky
1980	2.4	other	Kentucky
1980	0.43	other	Kentucky
1980	0.33	other	Kentucky
1980	0.1	other	Kentucky
1980	0.03	other	Kentucky
1980	0.03	other	Kentucky
1980	47.65	democrat	Kentucky
1980	51.2	republican	Louisiana
1980	1.7	other	Louisiana
1980	0.67	other	Louisiana
1980	0.53	other	Louisiana
1980	0.1	other	Louisiana
1980	0.05	other	Louisiana
1980	45.75	democrat	Louisiana
1980	45.61	republican	Maine
1980	10.2	other	Maine
1980	0.98	other	Maine
1980	0.84	other	Maine
1980	0.11	other	Maine
1980	42.25	democrat	Maine
1980	44.18	republican	Maryland
1980	7.76	other	Maryland
1980	0.92	other	Maryland
1980	47.14	democrat	Maryland
1980	41.9	republican	Massachusetts
1980	15.16	other	Massachusetts
1980	0.87	other	Massachusetts
1980	0.15	other	Massachusetts
1980	0.08	other	Massachusetts
1980	41.75	democrat	Massachusetts
1980	48.99	republican	Michigan
1980	7.04	other	Michigan
1980	1.06	other	Michigan
1980	0.31	other	Michigan
1980	0.08	other	Michigan
1980	42.5	democrat	Michigan
1980	42.56	republican	Minnesota
1980	8.53	other	Minnesota
1980	1.54	other	Minnesota
1980	0.41	other	Minnesota
1980	0.05	other	Minnesota
1980	0.03	other	Minnesota
1980	0.03	other	Minnesota
1980	0.03	other	Minnesota
1980	46.5	democrat	Minnesota
1980	49.46	republican	Mississippi
1980	1.35	other	Mississippi
1980	0.53	other	Mississippi
1980	0.27	other	Mississippi
1980	0.25	other	Mississippi
1980	48.14	democrat	Mississippi
1980	51.16	republican	Missouri
1980	3.71	other	Missouri
1980	0.69	other	Missouri
1980	0.07	other	Missouri
1980	44.35	democrat	Missouri
1980	56.82	republican	Montana
1980	8.05	other	Montana
1980	2.7	other	Montana
1980	32.43	democrat	Montana
1980	65.55	republican	Nebraska
1980	7.01	other	Nebraska
1980	1.41	other	Nebraska
1980	26.02	democrat	Nebraska
1980	63.61	republican	Nevada
1980	7.24	other	Nevada
1980	1.79	other	Nevada
1980	27.36	democrat	Nevada
1980	57.74	republican	New Hampshire
1980	12.94	other	New Hampshire
1980	0.54	other	New Hampshire
1980	0.34	other	New Hampshire
1980	0.03	other	New Hampshire
1980	0.02	other	New Hampshire
1980	0.02	other	New Hampshire
1980	28.35	democrat	New Hampshire
1980	51.97	republican	New Jersey
1980	7.88	other	New Jersey
1980	0.69	other	New Jersey
1980	0.28	other	New Jersey
1980	0.13	other	New Jersey
1980	0.12	other	New Jersey
1980	0.09	other	New Jersey
1980	0.07	other	New Jersey
1980	0.07	other	New Jersey
1980	0.06	other	New Jersey
1980	0.04	other	New Jersey
1980	0.03	other	New Jersey
1980	38.56	democrat	New Jersey
1980	54.97	republican	New Mexico
1980	6.46	other	New Mexico
1980	0.96	other	New Mexico
1980	0.48	other	New Mexico
1980	0.28	other	New Mexico
1980	0.07	other	New Mexico
1980	36.78	democrat	New Mexico
1980	42.53	republican	New York
1980	7.54	other	New York
1980	4.13	other	New York
1980	0.85	other	New York
1980	0.39	other	New York
1980	0.37	other	New York
1980	0.12	other	New York
1980	0.03	other	New York
1980	0.02	other	New York
1980	43.99	democrat	New York
1980	49.3	republican	North Carolina
1980	2.85	other	North Carolina
1980	0.52	other	North Carolina
1980	0.12	other	North Carolina
1980	0.02	other	North Carolina
1980	47.18	democrat	North Carolina
1980	64.33	republican	North Dakota
1980	7.85	other	North Dakota
1980	1.24	other	North Dakota
1980	0.1	other	North Dakota
1980	0.08	other	North Dakota
1980	0.03	other	North Dakota
1980	0.03	other	North Dakota
1980	0.03	other	North Dakota
1980	0.02	other	North Dakota
1980	26.3	democrat	North Dakota
1980	51.51	republican	Ohio
1980	5.94	other	Ohio
1980	1.14	other	Ohio
1980	0.2	other	Ohio
1980	0.11	other	Ohio
1980	0.09	other	Ohio
1980	0.09	other	Ohio
1980	0	other	Ohio
1980	40.91	democrat	Ohio
1980	60.5	republican	Oklahoma
1980	3.33	other	Oklahoma
1980	1.2	other	Oklahoma
1980	34.97	democrat	Oklahoma
1980	48.33	republican	Oregon
1980	9.51	other	Oregon
1980	2.19	other	Oregon
1980	1.15	other	Oregon
1980	38.67	democrat	Oregon
1980	49.59	republican	Pennsylvania
1980	6.42	other	Pennsylvania
1980	0.73	other	Pennsylvania
1980	0.44	other	Pennsylvania
1980	0.23	other	Pennsylvania
1980	0.11	other	Pennsylvania
1980	42.48	democrat	Pennsylvania
1980	37.21	republican	Rhode Island
1980	14.38	other	Rhode Island
1980	0.59	other	Rhode Island
1980	0.05	other	Rhode Island
1980	0.04	other	Rhode Island
1980	0.02	other	Rhode Island
1980	0.02	other	Rhode Island
1980	47.68	democrat	Rhode Island
1980	49.45	republican	South Carolina
1980	1.56	other	South Carolina
1980	0.54	other	South Carolina
1980	0.23	other	South Carolina
1980	48.21	democrat	South Carolina
1980	60.53	republican	South Dakota
1980	6.54	other	South Dakota
1980	1.17	other	South Dakota
1980	0.08	other	South Dakota
1980	31.69	democrat	South Dakota
1980	48.7	republican	Tennessee
1980	2.22	other	Tennessee
1980	0.44	other	Tennessee
1980	0.07	other	Tennessee
1980	0.03	other	Tennessee
1980	0.03	other	Tennessee
1980	0.03	other	Tennessee
1980	0.03	other	Tennessee
1980	0.02	other	Tennessee
1980	48.41	democrat	Tennessee
1980	55.28	republican	Texas
1980	2.46	other	Texas
1980	0.83	other	Texas
1980	41.42	democrat	Texas
1980	72.78	republican	Utah
1980	5.01	other	Utah
1980	1.18	other	Utah
1980	0.17	other	Utah
1980	0.16	other	Utah
1980	0.09	other	Utah
1980	0.02	other	Utah
1980	0.02	other	Utah
1980	20.57	democrat	Utah
1980	44.36	republican	Vermont
1980	14.89	other	Vermont
1980	1.09	other	Vermont
1980	0.89	other	Vermont
1980	0.06	other	Vermont
1980	0.06	other	Vermont
1980	0.04	other	Vermont
1980	38.42	democrat	Vermont
1980	53.03	republican	Virginia
1980	5.11	other	Virginia
1980	0.75	other	Virginia
1980	0.69	other	Virginia
1980	0.11	other	Virginia
1980	40.31	democrat	Virginia
1980	49.66	republican	Washington
1980	10.62	other	Washington
1980	1.68	other	Washington
1980	0.54	other	Washington
1980	0.07	other	Washington
1980	0.05	other	Washington
1980	0.05	other	Washington
1980	0.02	other	Washington
1980	37.32	democrat	Washington
1980	45.3	republican	West Virginia
1980	4.3	other	West Virginia
1980	0.59	other	West Virginia
1980	49.81	democrat	West Virginia
1980	47.9	republican	Wisconsin
1980	7.07	other	Wisconsin
1980	1.28	other	Wisconsin
1980	0.34	other	Wisconsin
1980	0.07	other	Wisconsin
1980	0.04	other	Wisconsin
1980	0.03	other	Wisconsin
1980	0.02	other	Wisconsin
1980	0.02	other	Wisconsin
1980	43.18	democrat	Wisconsin
1980	62.64	republican	Wyoming
1980	6.83	other	Wyoming
1980	2.55	other	Wyoming
1980	27.97	democrat	Wyoming
1984	60.54	republican	Alabama
1984	0.66	other	Alabama
1984	0.32	other	Alabama
1984	0.1	other	Alabama
1984	0.05	other	Alabama
1984	0.05	other	Alabama
1984	38.28	democrat	Alabama
1984	66.65	republican	Alaska
1984	3.07	other	Alaska
1984	0.41	other	Alaska
1984	29.87	democrat	Alaska
1984	66.42	republican	Arizona
1984	1.03	other	Arizona
1984	0	other	Arizona
1984	32.54	democrat	Arizona
1984	60.47	republican	Arkansas
1984	0.25	other	Arkansas
1984	0.21	other	Arkansas
1984	0.17	other	Arkansas
1984	0.17	other	Arkansas
1984	0.15	other	Arkansas
1984	0.11	other	Arkansas
1984	0.1	other	Arkansas
1984	0.09	other	Arkansas
1984	38.29	democrat	Arkansas
1984	57.52	republican	California
1984	0.53	other	California
1984	0.41	other	California
1984	0.28	other	California
1984	41.27	democrat	California
1984	63.44	republican	Colorado
1984	0.87	other	Colorado
1984	0.36	other	Colorado
1984	0.08	other	Colorado
1984	0.07	other	Colorado
1984	0.06	other	Colorado
1984	0	other	Colorado
1984	35.12	democrat	Colorado
1984	60.73	republican	Connecticut
1984	0.33	other	Connecticut
1984	0.09	other	Connecticut
1984	0.02	other	Connecticut
1984	38.83	democrat	Connecticut
1984	59.78	republican	Delaware
1984	0.11	other	Delaware
1984	0.11	other	Delaware
1984	0.05	other	Delaware
1984	0.03	other	Delaware
1984	39.93	democrat	Delaware
1984	13.73	republican	District of Columbia
1984	0.38	other	District of Columbia
1984	0.13	other	District of Columbia
1984	0.12	other	District of Columbia
1984	0.08	other	District of Columbia
1984	0.06	other	District of Columbia
1984	0.06	other	District of Columbia
1984	0.05	other	District of Columbia
1984	85.38	democrat	District of Columbia
1984	65.32	republican	Florida
1984	0.02	other	Florida
1984	34.66	democrat	Florida
1984	60.17	republican	Georgia
1984	0.04	other	Georgia
1984	39.79	democrat	Georgia
1984	55.1	republican	Hawaii
1984	0.65	other	Hawaii
1984	0.24	other	Hawaii
1984	0.19	other	Hawaii
1984	43.82	democrat	Hawaii
1984	72.36	republican	Idaho
1984	0.69	other	Idaho
1984	0.56	other	Idaho
1984	26.39	democrat	Idaho
1984	56.17	republican	Illinois
1984	0.21	other	Illinois
1984	0.1	other	Illinois
1984	0.06	other	Illinois
1984	0.05	other	Illinois
1984	0.05	other	Illinois
1984	0.04	other	Illinois
1984	0.02	other	Illinois
1984	43.3	democrat	Illinois
1984	61.67	republican	Indiana
1984	0.34	other	Indiana
1984	0.3	other	Indiana
1984	37.68	democrat	Indiana
1984	53.27	republican	Iowa
1984	0.47	other	Iowa
1984	0.14	other	Iowa
1984	0.08	other	Iowa
1984	0.07	other	Iowa
1984	0.04	other	Iowa
1984	0.02	other	Iowa
1984	0.02	other	Iowa
1984	45.89	democrat	Iowa
1984	66.27	republican	Kansas
1984	0.35	other	Kansas
1984	0.33	other	Kansas
1984	0.25	other	Kansas
1984	0.21	other	Kansas
1984	32.6	democrat	Kansas
1984	60.01	republican	Kentucky
1984	0.23	other	Kentucky
1984	0.13	other	Kentucky
1984	0.11	other	Kentucky
1984	0.04	other	Kentucky
1984	0.03	other	Kentucky
1984	0.03	other	Kentucky
1984	0.02	other	Kentucky
1984	39.4	democrat	Kentucky
1984	60.77	republican	Louisiana
1984	0.56	other	Louisiana
1984	0.21	other	Louisiana
1984	0.11	other	Louisiana
1984	0.08	other	Louisiana
1984	0.07	other	Louisiana
1984	0.03	other	Louisiana
1984	38.18	democrat	Louisiana
1984	60.83	republican	Maine
1984	0.23	other	Maine
1984	0.14	other	Maine
1984	0.01	other	Maine
1984	38.78	democrat	Maine
1984	52.51	republican	Maryland
1984	0.34	other	Maryland
1984	0.05	other	Maryland
1984	0.04	other	Maryland
1984	0.04	other	Maryland
1984	47.02	democrat	Maryland
1984	51.22	republican	Massachusetts
1984	0.31	other	Massachusetts
1984	0.03	other	Massachusetts
1984	48.43	democrat	Massachusetts
1984	59.23	republican	Michigan
1984	0.26	other	Michigan
1984	0.1	other	Michigan
1984	0.04	other	Michigan
1984	0.03	other	Michigan
1984	0.03	other	Michigan
1984	0.03	other	Michigan
1984	0.02	other	Michigan
1984	0.02	other	Michigan
1984	0.01	other	Michigan
1984	40.24	democrat	Michigan
1984	49.54	republican	Minnesota
1984	0.19	other	Minnesota
1984	0.15	other	Minnesota
1984	0.14	other	Minnesota
1984	0.11	other	Minnesota
1984	0.06	other	Minnesota
1984	0.03	other	Minnesota
1984	0.03	other	Minnesota
1984	0.01	other	Minnesota
1984	0.01	other	Minnesota
1984	49.72	democrat	Minnesota
1984	61.88	republican	Mississippi
1984	0.25	other	Mississippi
1984	0.12	other	Mississippi
1984	0.11	other	Mississippi
1984	0.11	other	Mississippi
1984	0.07	other	Mississippi
1984	0.04	other	Mississippi
1984	37.42	democrat	Mississippi
1984	60.02	republican	Missouri
1984	39.98	democrat	Missouri
1984	60.47	republican	Montana
1984	1.35	other	Montana
1984	38.18	democrat	Montana
1984	70.55	republican	Nebraska
1984	0.32	other	Nebraska
1984	0.16	other	Nebraska
1984	0.16	other	Nebraska
1984	28.81	democrat	Nebraska
1984	66.77	republican	Nevada
1984	0.81	other	Nevada
1984	32.42	democrat	Nevada
1984	68.67	republican	New Hampshire
1984	0.19	other	New Hampshire
1984	0.12	other	New Hampshire
1984	0.08	other	New Hampshire
1984	30.95	democrat	New Hampshire
1984	60.09	republican	New Jersey
1984	0.26	other	New Jersey
1984	0.2	other	New Jersey
1984	0.07	other	New Jersey
1984	0.05	other	New Jersey
1984	0.05	other	New Jersey
1984	0.04	other	New Jersey
1984	0.04	other	New Jersey
1984	39.2	democrat	New Jersey
1984	59.7	republican	New Mexico
1984	0.87	other	New Mexico
1984	0.09	other	New Mexico
1984	0.04	other	New Mexico
1984	0.04	other	New Mexico
1984	0.03	other	New Mexico
1984	0	other	New Mexico
1984	39.23	democrat	New Mexico
1984	49.61	republican	New York
1984	4.23	other	New York
1984	1.74	other	New York
1984	0.18	other	New York
1984	0.06	other	New York
1984	0.05	other	New York
1984	0.03	other	New York
1984	0.01	other	New York
1984	44.09	democrat	New York
1984	61.9	republican	North Carolina
1984	0.17	other	North Carolina
1984	0.04	other	North Carolina
1984	37.89	democrat	North Carolina
1984	64.84	republican	North Dakota
1984	0.41	other	North Dakota
1984	0.35	other	North Dakota
1984	0.23	other	North Dakota
1984	0.12	other	North Dakota
1984	0.08	other	North Dakota
1984	0.07	other	North Dakota
1984	0.05	other	North Dakota
1984	0.05	other	North Dakota
1984	33.8	democrat	North Dakota
1984	58.7	republican	Ohio
1984	0.53	other	Ohio
1984	0.23	other	Ohio
1984	0.16	other	Ohio
1984	0.13	other	Ohio
1984	0.1	other	Ohio
1984	0.1	other	Ohio
1984	0.06	other	Ohio
1984	40	democrat	Ohio
1984	68.61	republican	Oklahoma
1984	0.72	other	Oklahoma
1984	30.67	democrat	Oklahoma
1984	55.91	republican	Oregon
1984	0.35	other	Oregon
1984	43.74	democrat	Oregon
1984	53.34	republican	Pennsylvania
1984	0.45	other	Pennsylvania
1984	0.14	other	Pennsylvania
1984	0.04	other	Pennsylvania
1984	0.04	other	Pennsylvania
1984	45.99	democrat	Pennsylvania
1984	51.67	republican	Rhode Island
1984	0.12	other	Rhode Island
1984	0.07	other	Rhode Island
1984	0.06	other	Rhode Island
1984	0.02	other	Rhode Island
1984	0.02	other	Rhode Island
1984	0.01	other	Rhode Island
1984	0.01	other	Rhode Island
1984	48.02	democrat	Rhode Island
1984	63.55	republican	South Carolina
1984	0.45	other	South Carolina
1984	0.36	other	South Carolina
1984	0.07	other	South Carolina
1984	35.57	democrat	South Carolina
1984	63	republican	South Dakota
1984	0.36	other	South Dakota
1984	0.11	other	South Dakota
1984	36.53	democrat	South Dakota
1984	57.84	republican	Tennessee
1984	0.18	other	Tennessee
1984	0.11	other	Tennessee
1984	0.1	other	Tennessee
1984	0.06	other	Tennessee
1984	0.06	other	Tennessee
1984	0.04	other	Tennessee
1984	0.03	other	Tennessee
1984	0.01	other	Tennessee
1984	41.57	democrat	Tennessee
1984	63.61	republican	Texas
1984	0.27	other	Texas
1984	0	other	Texas
1984	36.11	democrat	Texas
1984	74.5	republican	Utah
1984	0.39	other	Utah
1984	0.21	other	Utah
1984	0.13	other	Utah
1984	0.03	other	Utah
1984	0.03	other	Utah
1984	0.02	other	Utah
1984	24.68	democrat	Utah
1984	57.92	republican	Vermont
1984	0.43	other	Vermont
1984	0.3	other	Vermont
1984	0.18	other	Vermont
1984	0.14	other	Vermont
1984	0.11	other	Vermont
1984	0.05	other	Vermont
1984	0.05	other	Vermont
1984	40.81	democrat	Vermont
1984	62.29	republican	Virginia
1984	0.62	other	Virginia
1984	37.09	democrat	Virginia
1984	56.09	republican	Washington
1984	0.47	other	Washington
1984	0.31	other	Washington
1984	0.25	other	Washington
1984	0.1	other	Washington
1984	0.09	other	Washington
1984	0.04	other	Washington
1984	0.03	other	Washington
1984	0.03	other	Washington
1984	42.58	democrat	Washington
1984	55.11	republican	West Virginia
1984	0.14	other	West Virginia
1984	0.09	other	West Virginia
1984	0.07	other	West Virginia
1984	44.6	democrat	West Virginia
1984	54.19	republican	Wisconsin
1984	0.22	other	Wisconsin
1984	0.17	other	Wisconsin
1984	0.17	other	Wisconsin
1984	0.07	other	Wisconsin
1984	0.05	other	Wisconsin
1984	0.03	other	Wisconsin
1984	0.03	other	Wisconsin
1984	0.03	other	Wisconsin
1984	0.02	other	Wisconsin
1984	45.02	democrat	Wisconsin
1984	70.51	republican	Wyoming
1984	1.25	other	Wyoming
1984	28.24	democrat	Wyoming
1988	59.17	republican	Alabama
1988	0.61	other	Alabama
1988	0.32	other	Alabama
1988	39.86	democrat	Alabama
1988	59.59	republican	Alaska
1988	2.74	other	Alaska
1988	0.51	other	Alaska
1988	0.41	other	Alaska
1988	36.27	democrat	Alaska
1988	59.95	republican	Arizona
1988	1.14	other	Arizona
1988	0.14	other	Arizona
1988	38.74	democrat	Arizona
1988	56.37	republican	Arkansas
1988	0.62	other	Arkansas
1988	0.4	other	Arkansas
1988	0.26	other	Arkansas
1988	0.16	other	Arkansas
1988	42.19	democrat	Arkansas
1988	51.13	republican	California
1988	0.71	other	California
1988	0.6	other	California
1988	47.56	democrat	California
1988	53.06	republican	Colorado
1988	1.13	other	Colorado
1988	0.34	other	Colorado
1988	0.19	other	Colorado
1988	45.28	democrat	Colorado
1988	51.98	republican	Connecticut
1988	0.97	other	Connecticut
1988	0.17	other	Connecticut
1988	46.87	democrat	Connecticut
1988	55.88	republican	Delaware
1988	0.47	other	Delaware
1988	0.18	other	Delaware
1988	43.48	democrat	Delaware
1988	14.3	republican	District of Columbia
1988	0.29	other	District of Columbia
1988	0.11	other	District of Columbia
1988	0.07	other	District of Columbia
1988	0.06	other	District of Columbia
1988	82.65	democrat	District of Columbia
1988	60.87	republican	Florida
1988	0.46	other	Florida
1988	0.15	other	Florida
1988	38.51	democrat	Florida
1988	59.75	republican	Georgia
1988	0.47	other	Georgia
1988	0.28	other	Georgia
1988	39.5	democrat	Georgia
1988	44.75	republican	Hawaii
1988	0.56	other	Hawaii
1988	0.28	other	Hawaii
1988	0.13	other	Hawaii
1988	54.27	democrat	Hawaii
1988	62.08	republican	Idaho
1988	1.3	other	Idaho
1988	0.61	other	Idaho
1988	36.01	democrat	Idaho
1988	50.69	republican	Illinois
1988	0.33	other	Illinois
1988	0.23	other	Illinois
1988	0.15	other	Illinois
1988	48.6	democrat	Illinois
1988	59.84	republican	Indiana
1988	0.47	other	Indiana
1988	39.69	democrat	Indiana
1988	44.5	republican	Iowa
1988	0.29	other	Iowa
1988	0.2	other	Iowa
1988	0.13	other	Iowa
1988	0.06	other	Iowa
1988	0.04	other	Iowa
1988	0.03	other	Iowa
1988	0.02	other	Iowa
1988	0.02	other	Iowa
1988	54.71	democrat	Iowa
1988	55.79	republican	Kansas
1988	42.56	democrat	Kansas
1988	55.52	republican	Kentucky
1988	0.34	other	Kentucky
1988	0.16	other	Kentucky
1988	0.09	other	Kentucky
1988	43.88	democrat	Kentucky
1988	54.27	republican	Louisiana
1988	1.14	other	Louisiana
1988	0.25	other	Louisiana
1988	0.14	other	Louisiana
1988	0.12	other	Louisiana
1988	44.06	democrat	Louisiana
1988	55.34	republican	Maine
1988	0.49	other	Maine
1988	0.25	other	Maine
1988	43.88	democrat	Maine
1988	51.11	republican	Maryland
1988	0.39	other	Maryland
1988	0.3	other	Maryland
1988	48.2	democrat	Maryland
1988	45.38	republican	Massachusetts
1988	0.92	other	Massachusetts
1988	0.36	other	Massachusetts
1988	53.23	democrat	Massachusetts
1988	53.57	republican	Michigan
1988	0.5	other	Michigan
1988	0.05	other	Michigan
1988	45.67	democrat	Michigan
1988	45.9	republican	Minnesota
1988	0.26	other	Minnesota
1988	0.24	other	Minnesota
1988	0.1	other	Minnesota
1988	0.09	other	Minnesota
1988	0.08	other	Minnesota
1988	0.08	other	Minnesota
1988	0.07	other	Minnesota
1988	0.06	other	Minnesota
1988	0.02	other	Minnesota
1988	52.91	democrat	Minnesota
1988	59.89	republican	Mississippi
1988	0.36	other	Mississippi
1988	39.07	democrat	Mississippi
1988	51.83	republican	Missouri
1988	0.32	other	Missouri
1988	47.85	democrat	Missouri
1988	52.07	republican	Montana
1988	1.38	other	Montana
1988	0.35	other	Montana
1988	46.2	democrat	Montana
1988	60.16	republican	Nebraska
1988	0.38	other	Nebraska
1988	0.26	other	Nebraska
1988	39.19	democrat	Nebraska
1988	60.05	republican	Nevada
1988	1.03	other	Nevada
1988	0.24	other	Nevada
1988	38.68	democrat	Nevada
1988	62.49	republican	New Hampshire
1988	1	other	New Hampshire
1988	0.18	other	New Hampshire
1988	36.33	democrat	New Hampshire
1988	56.24	republican	New Jersey
1988	0.32	other	New Jersey
1988	0.27	other	New Jersey
1988	0.17	other	New Jersey
1988	0.11	other	New Jersey
1988	0.08	other	New Jersey
1988	0.08	other	New Jersey
1988	0.07	other	New Jersey
1988	0.03	other	New Jersey
1988	0.02	other	New Jersey
1988	42.6	democrat	New Jersey
1988	51.85	republican	New Mexico
1988	0.65	other	New Mexico
1988	0.43	other	New Mexico
1988	0.07	other	New Mexico
1988	0.05	other	New Mexico
1988	0.05	other	New Mexico
1988	46.89	democrat	New Mexico
1988	43.76	republican	New York
1988	3.75	other	New York
1988	1.42	other	New York
1988	0.32	other	New York
1988	0.24	other	New York
1988	0.19	other	New York
1988	0.06	other	New York
1988	0.05	other	New York
1988	50.19	democrat	New York
1988	57.97	republican	North Carolina
1988	0.27	other	North Carolina
1988	0.06	other	North Carolina
1988	41.71	democrat	North Carolina
1988	56.03	republican	North Dakota
1988	0.44	other	North Dakota
1988	0.3	other	North Dakota
1988	0.13	other	North Dakota
1988	0.12	other	North Dakota
1988	42.97	democrat	North Dakota
1988	55	republican	Ohio
1988	0.27	other	Ohio
1988	0.27	other	Ohio
1988	0.12	other	Ohio
1988	44.15	democrat	Ohio
1988	57.93	republican	Oklahoma
1988	0.53	other	Oklahoma
1988	0.25	other	Oklahoma
1988	41.28	democrat	Oklahoma
1988	46.61	republican	Oregon
1988	1.23	other	Oregon
1988	0.54	other	Oregon
1988	51.28	democrat	Oregon
1988	50.7	republican	Pennsylvania
1988	0.42	other	Pennsylvania
1988	0.27	other	Pennsylvania
1988	0.1	other	Pennsylvania
1988	0.08	other	Pennsylvania
1988	0.05	other	Pennsylvania
1988	48.39	democrat	Pennsylvania
1988	43.93	republican	Rhode Island
1988	0.2	other	Rhode Island
1988	0.07	other	Rhode Island
1988	0.05	other	Rhode Island
1988	0.04	other	Rhode Island
1988	0.03	other	Rhode Island
1988	0.02	other	Rhode Island
1988	55.64	democrat	Rhode Island
1988	61.5	republican	South Carolina
1988	0.5	other	South Carolina
1988	0.41	other	South Carolina
1988	37.58	democrat	South Carolina
1988	52.85	republican	South Dakota
1988	46.51	democrat	South Dakota
1988	57.89	republican	Tennessee
1988	41.55	democrat	Tennessee
1988	55.95	republican	Texas
1988	0.56	other	Texas
1988	0.13	other	Texas
1988	43.35	democrat	Texas
1988	66.22	republican	Utah
1988	1.16	other	Utah
1988	0.33	other	Utah
1988	0.07	other	Utah
1988	0.07	other	Utah
1988	0.06	other	Utah
1988	0.03	other	Utah
1988	0.02	other	Utah
1988	32.05	democrat	Utah
1988	51.1	republican	Vermont
1988	0.47	other	Vermont
1988	0.41	other	Vermont
1988	0.11	other	Vermont
1988	0.08	other	Vermont
1988	0.08	other	Vermont
1988	0.07	other	Vermont
1988	0.06	other	Vermont
1988	0.05	other	Vermont
1988	47.58	democrat	Vermont
1988	59.74	republican	Virginia
1988	0.65	other	Virginia
1988	0.38	other	Virginia
1988	39.23	democrat	Virginia
1988	48.46	republican	Washington
1988	0.92	other	Washington
1988	0.24	other	Washington
1988	0.19	other	Washington
1988	0.08	other	Washington
1988	0.07	other	Washington
1988	50.05	democrat	Washington
1988	47.46	republican	West Virginia
1988	0.34	other	West Virginia
1988	52.2	democrat	West Virginia
1988	47.8	republican	Wisconsin
1988	0.1	other	Wisconsin
1988	51.41	democrat	Wisconsin
1988	60.53	republican	Wyoming
1988	1.15	other	Wyoming
1988	0.31	other	Wyoming
1988	38.01	democrat	Wyoming
1992	47.65	republican	Alabama
1992	10.85	other	Alabama
1992	0.34	other	Alabama
1992	0.24	other	Alabama
1992	40.88	democrat	Alabama
1992	39.46	republican	Alaska
1992	28.43	other	Alaska
1992	0.53	other	Alaska
1992	0.53	other	Alaska
1992	0.18	other	Alaska
1992	0.17	other	Alaska
1992	0.15	other	Alaska
1992	0.13	other	Alaska
1992	30.29	democrat	Alaska
1992	38.47	republican	Arizona
1992	23.79	other	Arizona
1992	0.55	other	Arizona
1992	0.45	other	Arizona
1992	0.15	other	Arizona
1992	0.06	other	Arizona
1992	36.52	democrat	Arizona
1992	35.48	republican	Arkansas
1992	10.43	other	Arkansas
1992	0.88	other	Arkansas
1992	53.21	democrat	Arkansas
1992	32.61	republican	California
1992	20.63	other	California
1992	0.43	other	California
1992	0.17	other	California
1992	0.11	other	California
1992	46.01	democrat	California
1992	35.87	republican	Colorado
1992	23.32	other	Colorado
1992	0.55	other	Colorado
1992	0.1	other	Colorado
1992	0.02	other	Colorado
1992	0	other	Colorado
1992	0	other	Colorado
1992	0	other	Colorado
1992	40.13	democrat	Colorado
1992	35.78	republican	Connecticut
1992	21.58	other	Connecticut
1992	0.33	other	Connecticut
1992	0.08	other	Connecticut
1992	42.22	democrat	Connecticut
1992	35.33	republican	Delaware
1992	20.45	other	Delaware
1992	0.38	other	Delaware
1992	0.32	other	Delaware
1992	43.52	democrat	Delaware
1992	9.1	republican	District of Columbia
1992	4.25	other	District of Columbia
1992	0.64	other	District of Columbia
1992	0.64	other	District of Columbia
1992	0.21	other	District of Columbia
1992	0.1	other	District of Columbia
1992	0.08	other	District of Columbia
1992	0.05	other	District of Columbia
1992	84.64	democrat	District of Columbia
1992	40.9	republican	Florida
1992	19.82	other	Florida
1992	0.28	other	Florida
1992	38.99	democrat	Florida
1992	42.88	republican	Georgia
1992	13.34	other	Georgia
1992	0.31	other	Georgia
1992	43.47	democrat	Georgia
1992	36.7	republican	Hawaii
1992	14.22	other	Hawaii
1992	0.39	other	Hawaii
1992	0.3	other	Hawaii
1992	0.19	other	Hawaii
1992	0.11	other	Hawaii
1992	48.09	democrat	Hawaii
1992	42.03	republican	Idaho
1992	27.05	other	Idaho
1992	2.26	other	Idaho
1992	0.24	other	Idaho
1992	28.42	democrat	Idaho
1992	34.34	republican	Illinois
1992	16.64	other	Illinois
1992	0.18	other	Illinois
1992	0.1	other	Illinois
1992	0.07	other	Illinois
1992	0.05	other	Illinois
1992	0.03	other	Illinois
1992	48.58	democrat	Illinois
1992	42.91	republican	Indiana
1992	19.77	other	Indiana
1992	0.34	other	Indiana
1992	0.11	other	Indiana
1992	36.79	democrat	Indiana
1992	37.27	republican	Iowa
1992	18.71	other	Iowa
1992	0.23	other	Iowa
1992	0.13	other	Iowa
1992	0.09	other	Iowa
1992	0.08	other	Iowa
1992	0.05	other	Iowa
1992	0.05	other	Iowa
1992	0.04	other	Iowa
1992	0.02	other	Iowa
1992	0.02	other	Iowa
1992	0.02	other	Iowa
1992	0.01	other	Iowa
1992	43.29	democrat	Iowa
1992	38.88	republican	Kansas
1992	26.99	other	Kansas
1992	0.37	other	Kansas
1992	33.74	democrat	Kansas
1992	41.34	republican	Kentucky
1992	13.66	other	Kentucky
1992	0.3	other	Kentucky
1992	0.07	other	Kentucky
1992	0.05	other	Kentucky
1992	0.03	other	Kentucky
1992	44.55	democrat	Kentucky
1992	40.97	republican	Louisiana
1992	11.81	other	Louisiana
1992	1.04	other	Louisiana
1992	0.18	other	Louisiana
1992	0.09	other	Louisiana
1992	0.09	other	Louisiana
1992	0.08	other	Louisiana
1992	0.06	other	Louisiana
1992	0.05	other	Louisiana
1992	0.05	other	Louisiana
1992	45.58	democrat	Louisiana
1992	30.39	republican	Maine
1992	30.44	other	Maine
1992	0.25	other	Maine
1992	0.08	other	Maine
1992	0.07	other	Maine
1992	0.01	other	Maine
1992	38.77	democrat	Maine
1992	35.63	republican	Maryland
1992	14.18	other	Maryland
1992	0.24	other	Maryland
1992	0.14	other	Maryland
1992	49.81	democrat	Maryland
1992	29.02	republican	Massachusetts
1992	22.74	other	Massachusetts
1992	0.33	other	Massachusetts
1992	0.11	other	Massachusetts
1992	0.08	other	Massachusetts
1992	0.07	other	Massachusetts
1992	0.07	other	Massachusetts
1992	0.04	other	Massachusetts
1992	0	other	Massachusetts
1992	0	other	Massachusetts
1992	47.54	democrat	Massachusetts
1992	36.38	republican	Michigan
1992	19.3	other	Michigan
1992	0.24	other	Michigan
1992	0.19	other	Michigan
1992	0.07	other	Michigan
1992	0.03	other	Michigan
1992	43.77	democrat	Michigan
1992	31.85	republican	Minnesota
1992	23.96	other	Minnesota
1992	0.14	other	Minnesota
1992	0.14	other	Minnesota
1992	0.11	other	Minnesota
1992	0.06	other	Minnesota
1992	0.04	other	Minnesota
1992	0.04	other	Minnesota
1992	0.03	other	Minnesota
1992	0.03	other	Minnesota
1992	43.48	democrat	Minnesota
1992	49.68	republican	Mississippi
1992	8.72	other	Mississippi
1992	0.44	other	Mississippi
1992	0.22	other	Mississippi
1992	0.17	other	Mississippi
1992	40.77	democrat	Mississippi
1992	33.92	republican	Missouri
1992	21.69	other	Missouri
1992	0.31	other	Missouri
1992	44.07	democrat	Missouri
1992	35.12	republican	Montana
1992	26.12	other	Montana
1992	0.89	other	Montana
1992	0.24	other	Montana
1992	37.63	democrat	Montana
1992	46.6	republican	Nebraska
1992	23.61	other	Nebraska
1992	0.21	other	Nebraska
1992	0.18	other	Nebraska
1992	29.4	democrat	Nebraska
1992	34.73	republican	Nevada
1992	26.19	other	Nevada
1992	0.57	other	Nevada
1992	0.5	other	Nevada
1992	0.36	other	Nevada
1992	0.13	other	Nevada
1992	0.1	other	Nevada
1992	0.07	other	Nevada
1992	37.36	democrat	Nevada
1992	37.69	republican	New Hampshire
1992	22.59	other	New Hampshire
1992	0.66	other	New Hampshire
1992	0.1	other	New Hampshire
1992	0.05	other	New Hampshire
1992	38.91	democrat	New Hampshire
1992	40.58	republican	New Jersey
1992	15.61	other	New Jersey
1992	0.2	other	New Jersey
1992	0.14	other	New Jersey
1992	0.11	other	New Jersey
1992	0.08	other	New Jersey
1992	0.06	other	New Jersey
1992	0.06	other	New Jersey
1992	0.06	other	New Jersey
1992	0.06	other	New Jersey
1992	0.05	other	New Jersey
1992	0.04	other	New Jersey
1992	42.95	democrat	New Jersey
1992	37.34	republican	New Mexico
1992	16.12	other	New Mexico
1992	0.28	other	New Mexico
1992	0.11	other	New Mexico
1992	0.1	other	New Mexico
1992	0.06	other	New Mexico
1992	0.03	other	New Mexico
1992	0.03	other	New Mexico
1992	0.02	other	New Mexico
1992	45.9	democrat	New Mexico
1992	28.84	republican	New York
1992	15.41	other	New York
1992	2.5	other	New York
1992	2.16	other	New York
1992	1.81	other	New York
1992	1.38	other	New York
1992	0.22	other	New York
1992	0.19	other	New York
1992	0.16	other	New York
1992	0.06	other	New York
1992	47.28	democrat	New York
1992	43.44	republican	North Carolina
1992	13.7	other	North Carolina
1992	0.2	other	North Carolina
1992	0	other	North Carolina
1992	0	other	North Carolina
1992	0	other	North Carolina
1992	42.65	democrat	North Carolina
1992	44.22	republican	North Dakota
1992	23.07	other	North Dakota
1992	0.53	other	North Dakota
1992	32.18	democrat	North Dakota
1992	38.35	republican	Ohio
1992	20.98	other	Ohio
1992	0.49	other	Ohio
1992	40.18	democrat	Ohio
1992	42.65	republican	Oklahoma
1992	23.01	other	Oklahoma
1992	0.32	other	Oklahoma
1992	34.02	democrat	Oklahoma
1992	32.53	republican	Oregon
1992	24.21	other	Oregon
1992	0.29	other	Oregon
1992	0.21	other	Oregon
1992	0.18	other	Oregon
1992	42.48	democrat	Oregon
1992	36.13	republican	Pennsylvania
1992	18.2	other	Pennsylvania
1992	0.43	other	Pennsylvania
1992	0.09	other	Pennsylvania
1992	45.15	democrat	Pennsylvania
1992	29.03	republican	Rhode Island
1992	23.17	other	Rhode Island
1992	0.41	other	Rhode Island
1992	0.13	other	Rhode Island
1992	0.11	other	Rhode Island
1992	0.06	other	Rhode Island
1992	0.05	other	Rhode Island
1992	47.05	democrat	Rhode Island
1992	46.99	republican	South Carolina
1992	9.7	other	South Carolina
1992	0.22	other	South Carolina
1992	0.22	other	South Carolina
1992	0.1	other	South Carolina
1992	42.76	democrat	South Carolina
1992	40.66	republican	South Dakota
1992	21.8	other	South Dakota
1992	0.24	other	South Dakota
1992	0.16	other	South Dakota
1992	37.14	democrat	South Dakota
1992	42.43	republican	Tennessee
1992	10.09	other	Tennessee
1992	0.39	other	Tennessee
1992	47.08	democrat	Tennessee
1992	40.56	republican	Texas
1992	22.01	other	Texas
1992	0.32	other	Texas
1992	37.08	democrat	Texas
1992	43.36	republican	Utah
1992	27.34	other	Utah
1992	3.84	other	Utah
1992	0.26	other	Utah
1992	0.18	other	Utah
1992	0.15	other	Utah
1992	0.06	other	Utah
1992	0.05	other	Utah
1992	0.04	other	Utah
1992	0.03	other	Utah
1992	0.02	other	Utah
1992	0.02	other	Utah
1992	24.65	democrat	Utah
1992	30.42	republican	Vermont
1992	22.78	other	Vermont
1992	0.17	other	Vermont
1992	0.11	other	Vermont
1992	0.11	other	Vermont
1992	0.04	other	Vermont
1992	0.03	other	Vermont
1992	0.03	other	Vermont
1992	0.02	other	Vermont
1992	46.11	democrat	Vermont
1992	44.96	republican	Virginia
1992	13.62	other	Virginia
1992	0.59	other	Virginia
1992	0.22	other	Virginia
1992	40.59	democrat	Virginia
1992	31.97	republican	Washington
1992	23.68	other	Washington
1992	0.33	other	Washington
1992	0.21	other	Washington
1992	0.11	other	Washington
1992	0.1	other	Washington
1992	0.09	other	Washington
1992	0.08	other	Washington
1992	0.02	other	Washington
1992	43.41	democrat	Washington
1992	35.39	republican	West Virginia
1992	15.92	other	West Virginia
1992	0.27	other	West Virginia
1992	48.41	democrat	West Virginia
1992	36.78	republican	Wisconsin
1992	21.51	other	Wisconsin
1992	0.3	other	Wisconsin
1992	0.11	other	Wisconsin
1992	0.07	other	Wisconsin
1992	0.04	other	Wisconsin
1992	0.04	other	Wisconsin
1992	0.02	other	Wisconsin
1992	41.13	democrat	Wisconsin
1992	39.7	republican	Wyoming
1992	25.65	other	Wyoming
1992	0.42	other	Wyoming
1992	0.14	other	Wyoming
1992	34.1	democrat	Wyoming
1996	50.12	republican	Alabama
1996	0.34	other	Alabama
1996	0.11	other	Alabama
1996	43.16	democrat	Alabama
1996	50.8	republican	Alaska
1996	10.9	other	Alaska
1996	3.14	other	Alaska
1996	0.94	other	Alaska
1996	0.38	other	Alaska
1996	0.3	other	Alaska
1996	33.27	democrat	Alaska
1996	44.29	republican	Arizona
1996	7.98	other	Arizona
1996	1.02	other	Arizona
1996	0	other	Arizona
1996	46.52	democrat	Arizona
1996	36.8	republican	Arkansas
1996	7.9	other	Arkansas
1996	0.41	other	Arkansas
1996	0.35	other	Arkansas
1996	0.23	other	Arkansas
1996	0.11	other	Arkansas
1996	0.09	other	Arkansas
1996	0.08	other	Arkansas
1996	0.08	other	Arkansas
1996	0.08	other	Arkansas
1996	0.06	other	Arkansas
1996	0.05	other	Arkansas
1996	53.74	democrat	Arkansas
1996	38.21	republican	California
1996	6.96	other	California
1996	2.37	other	California
1996	0.73	other	California
1996	0.25	other	California
1996	0.21	other	California
1996	0.15	other	California
1996	51.1	democrat	California
1996	45.8	republican	Colorado
1996	6.59	other	Colorado
1996	1.66	other	Colorado
1996	0.82	other	Colorado
1996	0.19	other	Colorado
1996	0.19	other	Colorado
1996	0.17	other	Colorado
1996	0.04	other	Colorado
1996	0.04	other	Colorado
1996	0.04	other	Colorado
1996	0.02	other	Colorado
1996	0.02	other	Colorado
1996	44.43	democrat	Colorado
1996	34.69	republican	Connecticut
1996	10.02	other	Connecticut
1996	1.75	other	Connecticut
1996	0.42	other	Connecticut
1996	0.17	other	Connecticut
1996	0.12	other	Connecticut
1996	52.83	democrat	Connecticut
1996	36.58	republican	Delaware
1996	10.6	other	Delaware
1996	0.76	other	Delaware
1996	0.13	other	Delaware
1996	0.1	other	Delaware
1996	51.83	democrat	Delaware
1996	9.34	republican	District of Columbia
1996	2.57	other	District of Columbia
1996	1.94	other	District of Columbia
1996	0.32	other	District of Columbia
1996	0.15	other	District of Columbia
1996	0.14	other	District of Columbia
1996	85.19	democrat	District of Columbia
1996	42.32	republican	Florida
1996	9.12	other	Florida
1996	0.44	other	Florida
1996	48.03	democrat	Florida
1996	47.02	republican	Georgia
1996	6.37	other	Georgia
1996	0.78	other	Georgia
1996	45.84	democrat	Georgia
1996	31.64	republican	Hawaii
1996	7.6	other	Hawaii
1996	2.88	other	Hawaii
1996	0.69	other	Hawaii
1996	0.16	other	Hawaii
1996	0.1	other	Hawaii
1996	56.93	democrat	Hawaii
1996	52.18	republican	Idaho
1996	12.71	other	Idaho
1996	0.68	other	Idaho
1996	0.45	other	Idaho
1996	0.33	other	Idaho
1996	33.65	democrat	Idaho
1996	36.81	republican	Illinois
1996	8.03	other	Illinois
1996	0.52	other	Illinois
1996	0.18	other	Illinois
1996	0.11	other	Illinois
1996	54.32	democrat	Illinois
1996	47.14	republican	Indiana
1996	10.5	other	Indiana
1996	0.73	other	Indiana
1996	41.56	democrat	Indiana
1996	39.92	republican	Iowa
1996	8.52	other	Iowa
1996	0.53	other	Iowa
1996	0.27	other	Iowa
1996	0.19	other	Iowa
1996	0.18	other	Iowa
1996	0.1	other	Iowa
1996	0.03	other	Iowa
1996	50.26	democrat	Iowa
1996	54.29	republican	Kansas
1996	8.62	other	Kansas
1996	0.42	other	Kansas
1996	36.08	democrat	Kansas
1996	44.88	republican	Kentucky
1996	8.67	other	Kentucky
1996	0.29	other	Kentucky
1996	0.16	other	Kentucky
1996	0.11	other	Kentucky
1996	45.84	democrat	Kentucky
1996	39.94	republican	Louisiana
1996	6.91	other	Louisiana
1996	0.42	other	Louisiana
1996	0.26	other	Louisiana
1996	0.19	other	Louisiana
1996	0.17	other	Louisiana
1996	0.09	other	Louisiana
1996	52.01	democrat	Louisiana
1996	30.76	republican	Maine
1996	14.19	other	Maine
1996	2.52	other	Maine
1996	0.49	other	Maine
1996	0.25	other	Maine
1996	0.14	other	Maine
1996	0.02	other	Maine
1996	51.62	democrat	Maine
1996	38.27	republican	Maryland
1996	6.5	other	Maryland
1996	0.49	other	Maryland
1996	0.19	other	Maryland
1996	0.14	other	Maryland
1996	54.25	democrat	Maryland
1996	28.09	republican	Massachusetts
1996	8.89	other	Massachusetts
1996	0.8	other	Massachusetts
1996	0.24	other	Massachusetts
1996	0.2	other	Massachusetts
1996	0.13	other	Massachusetts
1996	61.47	democrat	Massachusetts
1996	38.48	republican	Michigan
1996	8.75	other	Michigan
1996	0.72	other	Michigan
1996	0.11	other	Michigan
1996	0.08	other	Michigan
1996	0.04	other	Michigan
1996	51.69	democrat	Michigan
1996	34.96	republican	Minnesota
1996	11.75	other	Minnesota
1996	1.14	other	Minnesota
1996	0.38	other	Minnesota
1996	0.22	other	Minnesota
1996	0.16	other	Minnesota
1996	0.08	other	Minnesota
1996	0.04	other	Minnesota
1996	0.03	other	Minnesota
1996	0.02	other	Minnesota
1996	51.1	democrat	Minnesota
1996	49.21	republican	Mississippi
1996	0.31	other	Mississippi
1996	0.26	other	Mississippi
1996	0.16	other	Mississippi
1996	44.08	democrat	Mississippi
1996	41.24	republican	Missouri
1996	10.06	other	Missouri
1996	0.53	other	Missouri
1996	0.49	other	Missouri
1996	0.11	other	Missouri
1996	47.54	democrat	Missouri
1996	44.13	republican	Montana
1996	13.57	other	Montana
1996	0.62	other	Montana
1996	0.43	other	Montana
1996	41.25	democrat	Montana
1996	53.65	republican	Nebraska
1996	10.52	other	Nebraska
1996	0.41	other	Nebraska
1996	0.28	other	Nebraska
1996	0.18	other	Nebraska
1996	34.95	democrat	Nebraska
1996	42.91	republican	Nevada
1996	9.47	other	Nevada
1996	1.21	other	Nevada
1996	1.02	other	Nevada
1996	0.96	other	Nevada
1996	0.37	other	Nevada
1996	0.12	other	Nevada
1996	43.93	democrat	Nevada
1996	39.57	republican	New Hampshire
1996	9.74	other	New Hampshire
1996	0.85	other	New Hampshire
1996	0.27	other	New Hampshire
1996	49.57	democrat	New Hampshire
1996	35.86	republican	New Jersey
1996	53.72	democrat	New Jersey
1996	41.86	republican	New Mexico
1996	5.8	other	New Mexico
1996	2.38	other	New Mexico
1996	0.54	other	New Mexico
1996	0.13	other	New Mexico
1996	0.12	other	New Mexico
1996	49.18	democrat	New Mexico
1996	27	republican	New York
1996	7.82	other	New York
1996	2.85	other	New York
1996	1.91	other	New York
1996	1.65	other	New York
1996	1.18	other	New York
1996	0.37	other	New York
1996	0.19	other	New York
1996	0.18	other	New York
1996	0.08	other	New York
1996	0.05	other	New York
1996	0.04	other	New York
1996	56.68	democrat	New York
1996	48.73	republican	North Carolina
1996	6.68	other	North Carolina
1996	0.35	other	North Carolina
1996	0.11	other	North Carolina
1996	44.04	democrat	North Carolina
1996	46.94	republican	North Dakota
1996	12.2	other	North Dakota
1996	0.32	other	North Dakota
1996	0.28	other	North Dakota
1996	0.13	other	North Dakota
1996	40.13	democrat	North Dakota
1996	41.02	republican	Ohio
1996	10.66	other	Ohio
1996	0.28	other	Ohio
1996	0.24	other	Ohio
1996	0.2	other	Ohio
1996	0.16	other	Ohio
1996	0.07	other	Ohio
1996	0	other	Ohio
1996	47.38	democrat	Ohio
1996	48.26	republican	Oklahoma
1996	10.84	other	Oklahoma
1996	0.46	other	Oklahoma
1996	40.45	democrat	Oklahoma
1996	39.06	republican	Oregon
1996	8.8	other	Oregon
1996	3.59	other	Oregon
1996	0.65	other	Oregon
1996	0.25	other	Oregon
1996	0.2	other	Oregon
1996	0.17	other	Oregon
1996	0.14	other	Oregon
1996	47.15	democrat	Oregon
1996	40.01	republican	Pennsylvania
1996	9.57	other	Pennsylvania
1996	0.62	other	Pennsylvania
1996	0.43	other	Pennsylvania
1996	0.13	other	Pennsylvania
1996	49.23	democrat	Pennsylvania
1996	26.82	republican	Rhode Island
1996	11.2	other	Rhode Island
1996	1.55	other	Rhode Island
1996	0.28	other	Rhode Island
1996	0.26	other	Rhode Island
1996	0.11	other	Rhode Island
1996	0.05	other	Rhode Island
1996	59.72	democrat	Rhode Island
1996	49.85	republican	South Carolina
1996	3.21	other	South Carolina
1996	2.39	other	South Carolina
1996	0.37	other	South Carolina
1996	0.18	other	South Carolina
1996	44.01	democrat	South Carolina
1996	46.49	republican	South Dakota
1996	0.45	other	South Dakota
1996	43.03	democrat	South Dakota
1996	45.59	republican	Tennessee
1996	48	democrat	Tennessee
1996	48.76	republican	Texas
1996	6.75	other	Texas
1996	0.36	other	Texas
1996	0.13	other	Texas
1996	0.08	other	Texas
1996	43.83	democrat	Texas
1996	54.37	republican	Utah
1996	9.98	other	Utah
1996	0.69	other	Utah
1996	0.62	other	Utah
1996	0.39	other	Utah
1996	0.19	other	Utah
1996	0.17	other	Utah
1996	0.16	other	Utah
1996	0.04	other	Utah
1996	0.04	other	Utah
1996	0.02	other	Utah
1996	33.3	democrat	Utah
1996	31.09	republican	Vermont
1996	12	other	Vermont
1996	2.16	other	Vermont
1996	0.46	other	Vermont
1996	0.19	other	Vermont
1996	0.19	other	Vermont
1996	0.15	other	Vermont
1996	0.11	other	Vermont
1996	0.08	other	Vermont
1996	53.35	democrat	Vermont
1996	47.1	republican	Virginia
1996	6.62	other	Virginia
1996	0.57	other	Virginia
1996	0.38	other	Virginia
1996	0.19	other	Virginia
1996	45.15	democrat	Virginia
1996	37.3	republican	Washington
1996	8.92	other	Washington
1996	0.56	other	Washington
1996	0.27	other	Washington
1996	0.2	other	Washington
1996	0.1	other	Washington
1996	0.03	other	Washington
1996	49.84	democrat	Washington
1996	36.76	republican	West Virginia
1996	11.26	other	West Virginia
1996	0.48	other	West Virginia
1996	51.51	democrat	West Virginia
1996	38.48	republican	Wisconsin
1996	10.35	other	Wisconsin
1996	0.4	other	Wisconsin
1996	0.36	other	Wisconsin
1996	0.11	other	Wisconsin
1996	48.81	democrat	Wisconsin
1996	49.81	republican	Wyoming
1996	12.25	other	Wyoming
1996	0.82	other	Wyoming
1996	0.28	other	Wyoming
1996	36.84	democrat	Wyoming
2000	56.48	republican	Alabama
2000	0.35	other	Alabama
2000	41.57	democrat	Alabama
2000	58.62	republican	Alaska
2000	10.07	other	Alaska
2000	1.82	other	Alaska
2000	0.92	other	Alaska
2000	0.32	other	Alaska
2000	0.21	other	Alaska
2000	27.67	democrat	Alaska
2000	51.02	republican	Arizona
2000	2.98	other	Arizona
2000	0.81	other	Arizona
2000	0.38	other	Arizona
2000	0.07	other	Arizona
2000	44.73	democrat	Arizona
2000	51.31	republican	Arkansas
2000	1.46	other	Arkansas
2000	0.8	other	Arkansas
2000	0.3	other	Arkansas
2000	0.15	other	Arkansas
2000	0.12	other	Arkansas
2000	45.86	democrat	Arkansas
2000	41.65	republican	California
2000	3.82	other	California
2000	0.42	other	California
2000	0.41	other	California
2000	0.16	other	California
2000	0.1	other	California
2000	53.45	democrat	California
2000	50.75	republican	Colorado
2000	5.25	other	Colorado
2000	0.73	other	Colorado
2000	0.6	other	Colorado
2000	0.13	other	Colorado
2000	0.08	other	Colorado
2000	0.04	other	Colorado
2000	0.01	other	Colorado
2000	0.01	other	Colorado
2000	42.39	democrat	Colorado
2000	38.44	republican	Connecticut
2000	4.42	other	Connecticut
2000	0.66	other	Connecticut
2000	0.32	other	Connecticut
2000	0.24	other	Connecticut
2000	55.91	democrat	Connecticut
2000	41.92	republican	Delaware
2000	2.54	other	Delaware
2000	0.24	other	Delaware
2000	0.24	other	Delaware
2000	0.06	other	Delaware
2000	0.03	other	Delaware
2000	54.98	democrat	Delaware
2000	8.95	republican	District of Columbia
2000	5.24	other	District of Columbia
2000	0.33	other	District of Columbia
2000	0.06	other	District of Columbia
2000	85.16	democrat	District of Columbia
2000	48.85	republican	Florida
2000	1.63	other	Florida
2000	0.29	other	Florida
2000	0.28	other	Florida
2000	0.04	other	Florida
2000	0.03	other	Florida
2000	0.02	other	Florida
2000	0.01	other	Florida
2000	0.01	other	Florida
2000	48.84	democrat	Florida
2000	54.96	republican	Georgia
2000	1.41	other	Georgia
2000	0.42	other	Georgia
2000	43.21	democrat	Georgia
2000	37.46	republican	Hawaii
2000	5.88	other	Hawaii
2000	0.4	other	Hawaii
2000	0.29	other	Hawaii
2000	0.09	other	Hawaii
2000	0.08	other	Hawaii
2000	55.79	democrat	Hawaii
2000	67.17	republican	Idaho
2000	2.45	other	Idaho
2000	1.52	other	Idaho
2000	0.7	other	Idaho
2000	0.29	other	Idaho
2000	0.23	other	Idaho
2000	27.64	democrat	Idaho
2000	42.58	republican	Illinois
2000	2.19	other	Illinois
2000	0.25	other	Illinois
2000	0.04	other	Illinois
2000	54.6	democrat	Illinois
2000	56.65	republican	Indiana
2000	0.77	other	Indiana
2000	0.71	other	Indiana
2000	41.01	democrat	Indiana
2000	46.89	republican	Iowa
2000	2.17	other	Iowa
2000	0.42	other	Iowa
2000	0.24	other	Iowa
2000	0.17	other	Iowa
2000	0.09	other	Iowa
2000	0.05	other	Iowa
2000	0.01	other	Iowa
2000	0.01	other	Iowa
2000	47.19	democrat	Iowa
2000	58.04	republican	Kansas
2000	0.69	other	Kansas
2000	0.42	other	Kansas
2000	0.12	other	Kansas
2000	37.24	democrat	Kansas
2000	56.51	republican	Kentucky
2000	1.5	other	Kentucky
2000	0.27	other	Kentucky
2000	0.19	other	Kentucky
2000	0.1	other	Kentucky
2000	41.38	democrat	Kentucky
2000	52.55	republican	Louisiana
2000	1.16	other	Louisiana
2000	0.81	other	Louisiana
2000	0.31	other	Louisiana
2000	0.17	other	Louisiana
2000	0.06	other	Louisiana
2000	0.06	other	Louisiana
2000	44.88	democrat	Louisiana
2000	43.97	republican	Maine
2000	5.7	other	Maine
2000	0.68	other	Maine
2000	0.47	other	Maine
2000	0.09	other	Maine
2000	0	other	Maine
2000	49.09	democrat	Maine
2000	40.18	republican	Maryland
2000	2.65	other	Maryland
2000	0.26	other	Maryland
2000	0.21	other	Maryland
2000	0.07	other	Maryland
2000	0.05	other	Maryland
2000	56.49	democrat	Maryland
2000	32.13	republican	Massachusetts
2000	6.35	other	Massachusetts
2000	1.13	other	Massachusetts
2000	0.6	other	Massachusetts
2000	0.41	other	Massachusetts
2000	0.15	other	Massachusetts
2000	0.11	other	Massachusetts
2000	59.13	democrat	Massachusetts
2000	46.15	republican	Michigan
2000	1.99	other	Michigan
2000	0.39	other	Michigan
2000	0.09	other	Michigan
2000	0.06	other	Michigan
2000	51.28	democrat	Michigan
2000	45.5	republican	Minnesota
2000	47.91	other	Minnesota
2000	5.2	other	Minnesota
2000	0.91	other	Minnesota
2000	0.22	other	Minnesota
2000	0.13	other	Minnesota
2000	0.09	other	Minnesota
2000	0.04	other	Minnesota
2000	57.62	republican	Mississippi
2000	0.33	other	Mississippi
2000	0.23	other	Mississippi
2000	0.2	other	Mississippi
2000	0.05	other	Mississippi
2000	40.7	democrat	Mississippi
2000	50.42	republican	Missouri
2000	1.63	other	Missouri
2000	0.42	other	Missouri
2000	0.32	other	Missouri
2000	0.08	other	Missouri
2000	0.05	other	Missouri
2000	47.08	democrat	Missouri
2000	58.44	republican	Montana
2000	5.95	other	Montana
2000	1.39	other	Montana
2000	0.42	other	Montana
2000	0.28	other	Montana
2000	0.16	other	Montana
2000	33.37	democrat	Montana
2000	62.25	republican	Nebraska
2000	3.52	other	Nebraska
2000	0.32	other	Nebraska
2000	33.25	democrat	Nebraska
2000	49.49	republican	Nevada
2000	2.46	other	Nevada
2000	0.78	other	Nevada
2000	0.54	other	Nevada
2000	0.54	other	Nevada
2000	0.1	other	Nevada
2000	0.07	other	Nevada
2000	0.05	other	Nevada
2000	0.03	other	Nevada
2000	45.94	democrat	Nevada
2000	48.07	republican	New Hampshire
2000	3.9	other	New Hampshire
2000	0.48	other	New Hampshire
2000	0.46	other	New Hampshire
2000	46.8	democrat	New Hampshire
2000	40.29	republican	New Jersey
2000	56.13	democrat	New Jersey
2000	47.85	republican	New Mexico
2000	3.55	other	New Mexico
2000	0.34	other	New Mexico
2000	0.23	other	New Mexico
2000	0.06	other	New Mexico
2000	0.06	other	New Mexico
2000	47.91	democrat	New Mexico
2000	32.45	republican	New York
2000	3.51	other	New York
2000	2.08	other	New York
2000	1.99	other	New York
2000	1.27	other	New York
2000	1.11	other	New York
2000	0.36	other	New York
2000	0.35	other	New York
2000	0.11	other	New York
2000	0.09	other	New York
2000	0.03	other	New York
2000	0.02	other	New York
2000	56.64	democrat	New York
2000	55.96	republican	North Carolina
2000	0.48	other	North Carolina
2000	0.3	other	North Carolina
2000	0.12	other	North Carolina
2000	43.15	democrat	North Carolina
2000	60.66	republican	North Dakota
2000	2.53	other	North Dakota
2000	0.13	other	North Dakota
2000	33.06	democrat	North Dakota
2000	49.99	republican	Ohio
2000	3.16	other	Ohio
2000	0.29	other	Ohio
2000	0.13	other	Ohio
2000	46.44	democrat	Ohio
2000	60.31	republican	Oklahoma
2000	0.73	other	Oklahoma
2000	0.53	other	Oklahoma
2000	38.43	democrat	Oklahoma
2000	46.52	republican	Oregon
2000	5.04	other	Oregon
2000	0.49	other	Oregon
2000	0.46	other	Oregon
2000	0.22	other	Oregon
2000	0.17	other	Oregon
2000	0.14	other	Oregon
2000	46.96	democrat	Oregon
2000	46.44	republican	Pennsylvania
2000	2.1	other	Pennsylvania
2000	0.33	other	Pennsylvania
2000	0.29	other	Pennsylvania
2000	0.23	other	Pennsylvania
2000	50.61	democrat	Pennsylvania
2000	31.91	republican	Rhode Island
2000	6.12	other	Rhode Island
2000	0.56	other	Rhode Island
2000	0.18	other	Rhode Island
2000	0.07	other	Rhode Island
2000	0.05	other	Rhode Island
2000	0.02	other	Rhode Island
2000	60.99	democrat	Rhode Island
2000	56.86	republican	South Carolina
2000	1.47	other	South Carolina
2000	0.34	other	South Carolina
2000	0.24	other	South Carolina
2000	0.07	other	South Carolina
2000	40.9	democrat	South Carolina
2000	60.3	republican	South Dakota
2000	1.05	other	South Dakota
2000	0.56	other	South Dakota
2000	0.53	other	South Dakota
2000	37.56	democrat	South Dakota
2000	51.15	republican	Tennessee
2000	47.28	democrat	Tennessee
2000	59.3	republican	Texas
2000	2.15	other	Texas
2000	0.36	other	Texas
2000	37.98	democrat	Texas
2000	66.83	republican	Utah
2000	4.65	other	Utah
2000	1.21	other	Utah
2000	0.47	other	Utah
2000	0.35	other	Utah
2000	0.1	other	Utah
2000	0.02	other	Utah
2000	26.34	democrat	Utah
2000	40.7	republican	Vermont
2000	6.92	other	Vermont
2000	0.74	other	Vermont
2000	0.35	other	Vermont
2000	0.27	other	Vermont
2000	0.07	other	Vermont
2000	0.05	other	Vermont
2000	0.05	other	Vermont
2000	0.02	other	Vermont
2000	50.63	democrat	Vermont
2000	52.47	republican	Virginia
2000	2.17	other	Virginia
2000	0.55	other	Virginia
2000	0.2	other	Virginia
2000	0.07	other	Virginia
2000	44.44	democrat	Virginia
2000	44.58	republican	Washington
2000	4.14	other	Washington
2000	0.53	other	Washington
2000	0.29	other	Washington
2000	0.12	other	Washington
2000	0.08	other	Washington
2000	0.07	other	Washington
2000	0.03	other	Washington
2000	0.01	other	Washington
2000	50.16	democrat	Washington
2000	51.92	republican	West Virginia
2000	1.65	other	West Virginia
2000	0.49	other	West Virginia
2000	0.3	other	West Virginia
2000	0.06	other	West Virginia
2000	45.59	democrat	West Virginia
2000	47.61	republican	Wisconsin
2000	3.62	other	Wisconsin
2000	0.26	other	Wisconsin
2000	0.07	other	Wisconsin
2000	47.83	democrat	Wisconsin
2000	69.22	republican	Wyoming
2000	1.27	other	Wyoming
2000	0.68	other	Wyoming
2000	0.34	other	Wyoming
2000	0.19	other	Wyoming
2000	28.3	democrat	Wyoming
2004	62.46	republican	Alabama
2004	0.65	other	Alabama
2004	0.05	other	Alabama
2004	36.84	democrat	Alabama
2004	61.07	republican	Alaska
2004	1.62	other	Alaska
2004	0.67	other	Alaska
2004	0.54	other	Alaska
2004	0.34	other	Alaska
2004	0.25	other	Alaska
2004	35.52	democrat	Alaska
2004	54.87	republican	Arizona
2004	0.59	other	Arizona
2004	0.14	other	Arizona
2004	44.4	democrat	Arizona
2004	54.31	republican	Arkansas
2004	0.58	other	Arkansas
2004	0.22	other	Arkansas
2004	0.2	other	Arkansas
2004	0.14	other	Arkansas
2004	44.55	democrat	Arkansas
2004	44.36	republican	California
2004	0.4	other	California
2004	0.33	other	California
2004	0.22	other	California
2004	0.21	other	California
2004	0.17	other	California
2004	54.31	democrat	California
2004	51.71	republican	Colorado
2004	0.6	other	Colorado
2004	0.36	other	Colorado
2004	0.12	other	Colorado
2004	0.07	other	Colorado
2004	0.04	other	Colorado
2004	0.02	other	Colorado
2004	0.02	other	Colorado
2004	0.01	other	Colorado
2004	0.01	other	Colorado
2004	0.01	other	Colorado
2004	47.04	democrat	Colorado
2004	43.95	republican	Connecticut
2004	0.82	other	Connecticut
2004	0.61	other	Connecticut
2004	0.21	other	Connecticut
2004	0.1	other	Connecticut
2004	0	other	Connecticut
2004	54.31	democrat	Connecticut
2004	45.75	republican	Delaware
2004	0.57	other	Delaware
2004	0.16	other	Delaware
2004	0.08	other	Delaware
2004	0.07	other	Delaware
2004	0.03	other	Delaware
2004	53.35	democrat	Delaware
2004	9.34	republican	District of Columbia
2004	0.65	other	District of Columbia
2004	0.32	other	District of Columbia
2004	0.22	other	District of Columbia
2004	0.22	other	District of Columbia
2004	0.06	other	District of Columbia
2004	89.18	democrat	District of Columbia
2004	52.1	republican	Florida
2004	0.43	other	Florida
2004	0.16	other	Florida
2004	0.09	other	Florida
2004	0.05	other	Florida
2004	0.05	other	Florida
2004	0.04	other	Florida
2004	47.09	democrat	Florida
2004	57.97	republican	Georgia
2004	0.56	other	Georgia
2004	0.09	other	Georgia
2004	41.37	democrat	Georgia
2004	45.26	republican	Hawaii
2004	0.4	other	Hawaii
2004	0.32	other	Hawaii
2004	54.01	democrat	Hawaii
2004	68.39	republican	Idaho
2004	0.64	other	Idaho
2004	0.52	other	Idaho
2004	0.19	other	Idaho
2004	30.26	democrat	Idaho
2004	44.48	republican	Illinois
2004	0.62	other	Illinois
2004	0.08	other	Illinois
2004	54.82	democrat	Illinois
2004	59.94	republican	Indiana
2004	0.73	other	Indiana
2004	0.06	other	Indiana
2004	39.26	democrat	Indiana
2004	49.9	republican	Iowa
2004	0.41	other	Iowa
2004	0.2	other	Iowa
2004	0.09	other	Iowa
2004	0.08	other	Iowa
2004	0.07	other	Iowa
2004	0.02	other	Iowa
2004	49.23	democrat	Iowa
2004	62	republican	Kansas
2004	0.79	other	Kansas
2004	0.34	other	Kansas
2004	0.24	other	Kansas
2004	0	other	Kansas
2004	36.62	democrat	Kansas
2004	59.55	republican	Kentucky
2004	0.49	other	Kentucky
2004	0.15	other	Kentucky
2004	0.12	other	Kentucky
2004	0	other	Kentucky
2004	39.69	democrat	Kentucky
2004	56.72	republican	Louisiana
2004	0.36	other	Louisiana
2004	0.27	other	Louisiana
2004	0.14	other	Louisiana
2004	0.09	other	Louisiana
2004	0.08	other	Louisiana
2004	0.07	other	Louisiana
2004	0.05	other	Louisiana
2004	42.22	democrat	Louisiana
2004	44.58	republican	Maine
2004	1.09	other	Maine
2004	0.4	other	Maine
2004	0.27	other	Maine
2004	0.1	other	Maine
2004	0	other	Maine
2004	53.57	democrat	Maine
2004	42.98	republican	Maryland
2004	0.5	other	Maryland
2004	0.26	other	Maryland
2004	0.15	other	Maryland
2004	0.14	other	Maryland
2004	0	other	Maryland
2004	55.97	democrat	Maryland
2004	0	democrat	Maryland
2004	36.59	republican	Massachusetts
2004	0.51	other	Massachusetts
2004	0.51	other	Massachusetts
2004	0.36	other	Massachusetts
2004	0.24	other	Massachusetts
2004	0.16	other	Massachusetts
2004	61.62	democrat	Massachusetts
2004	47.81	republican	Michigan
2004	0.5	other	Michigan
2004	0.22	other	Michigan
2004	0.11	other	Michigan
2004	0.1	other	Michigan
2004	0.03	other	Michigan
2004	51.23	democrat	Michigan
2004	47.61	republican	Minnesota
2004	51.09	other	Minnesota
2004	0.66	other	Minnesota
2004	0.16	other	Minnesota
2004	0.16	other	Minnesota
2004	0.11	other	Minnesota
2004	0.09	other	Minnesota
2004	0.08	other	Minnesota
2004	0.02	other	Minnesota
2004	0.01	other	Minnesota
2004	59.01	republican	Mississippi
2004	0.28	other	Mississippi
2004	0.16	other	Mississippi
2004	0.15	other	Mississippi
2004	0.14	other	Mississippi
2004	0.09	other	Mississippi
2004	40.16	democrat	Mississippi
2004	53.3	republican	Missouri
2004	0.36	other	Missouri
2004	0.2	other	Missouri
2004	0.05	other	Missouri
2004	46.1	democrat	Missouri
2004	59.07	republican	Montana
2004	1.37	other	Montana
2004	0.39	other	Montana
2004	0.38	other	Montana
2004	0.22	other	Montana
2004	38.57	democrat	Montana
2004	65.9	republican	Nebraska
2004	0.74	other	Nebraska
2004	0.26	other	Nebraska
2004	0.17	other	Nebraska
2004	0.13	other	Nebraska
2004	0.12	other	Nebraska
2004	32.68	democrat	Nebraska
2004	50.47	republican	Nevada
2004	0.58	other	Nevada
2004	0.44	other	Nevada
2004	0.38	other	Nevada
2004	0.14	other	Nevada
2004	0.1	other	Nevada
2004	47.88	democrat	Nevada
2004	48.83	republican	New Hampshire
2004	0.66	other	New Hampshire
2004	0.16	other	New Hampshire
2004	0.14	other	New Hampshire
2004	50.2	democrat	New Hampshire
2004	46.24	republican	New Jersey
2004	0.84	other	New Jersey
2004	52.92	democrat	New Jersey
2004	49.84	republican	New Mexico
2004	0.54	other	New Mexico
2004	0.31	other	New Mexico
2004	0.16	other	New Mexico
2004	0.1	other	New Mexico
2004	49.05	democrat	New Mexico
2004	37.69	republican	New York
2004	2.09	other	New York
2004	1.79	other	New York
2004	1.13	other	New York
2004	0.77	other	New York
2004	0.21	other	New York
2004	0.16	other	New York
2004	0.03	other	New York
2004	0	other	New York
2004	56.13	democrat	New York
2004	56.02	republican	North Carolina
2004	0.34	other	North Carolina
2004	0.06	other	North Carolina
2004	43.58	democrat	North Carolina
2004	62.86	republican	North Dakota
2004	1.2	other	North Dakota
2004	0.27	other	North Dakota
2004	0.16	other	North Dakota
2004	0	other	North Dakota
2004	35.5	democrat	North Dakota
2004	50.81	republican	Ohio
2004	0.47	other	Ohio
2004	0.01	other	Ohio
2004	48.71	democrat	Ohio
2004	65.57	republican	Oklahoma
2004	34.43	democrat	Oklahoma
2004	47.19	republican	Oregon
2004	0.49	other	Oregon
2004	0.4	other	Oregon
2004	0.29	other	Oregon
2004	0.29	other	Oregon
2004	51.35	democrat	Oregon
2004	48.42	republican	Pennsylvania
2004	0.37	other	Pennsylvania
2004	0.11	other	Pennsylvania
2004	0.11	other	Pennsylvania
2004	0.05	other	Pennsylvania
2004	0.02	other	Pennsylvania
2004	50.92	democrat	Pennsylvania
2004	38.67	republican	Rhode Island
2004	1.06	other	Rhode Island
2004	0.3	other	Rhode Island
2004	0.21	other	Rhode Island
2004	0.19	other	Rhode Island
2004	0.08	other	Rhode Island
2004	0.06	other	Rhode Island
2004	59.42	democrat	Rhode Island
2004	57.98	republican	South Carolina
2004	0.34	other	South Carolina
2004	0.33	other	South Carolina
2004	0.22	other	South Carolina
2004	0.13	other	South Carolina
2004	0.09	other	South Carolina
2004	40.9	democrat	South Carolina
2004	59.91	republican	South Dakota
2004	1.11	other	South Dakota
2004	0.28	other	South Dakota
2004	0.25	other	South Dakota
2004	38.44	democrat	South Dakota
2004	56.8	republican	Tennessee
2004	0.67	other	Tennessee
2004	0	other	Tennessee
2004	42.53	democrat	Tennessee
2004	61.09	republican	Texas
2004	0.52	other	Texas
2004	0.17	other	Texas
2004	38.22	democrat	Texas
2004	71.54	republican	Utah
2004	1.22	other	Utah
2004	0.74	other	Utah
2004	0.36	other	Utah
2004	0.1	other	Utah
2004	0.04	other	Utah
2004	0	other	Utah
2004	26	democrat	Utah
2004	38.8	republican	Vermont
2004	1.44	other	Vermont
2004	0.35	other	Vermont
2004	0.31	other	Vermont
2004	0.08	other	Vermont
2004	0.08	other	Vermont
2004	58.94	democrat	Vermont
2004	53.73	republican	Virginia
2004	0.35	other	Virginia
2004	0.32	other	Virginia
2004	0.08	other	Virginia
2004	45.53	democrat	Virginia
2004	45.64	republican	Washington
2004	0.81	other	Washington
2004	0.42	other	Washington
2004	0.14	other	Washington
2004	0.1	other	Washington
2004	0.04	other	Washington
2004	0.02	other	Washington
2004	0.01	other	Washington
2004	52.82	democrat	Washington
2004	56.07	republican	West Virginia
2004	0.54	other	West Virginia
2004	0.19	other	West Virginia
2004	0	other	West Virginia
2004	43.21	democrat	West Virginia
2004	49.32	republican	Wisconsin
2004	0.58	other	Wisconsin
2004	0.22	other	Wisconsin
2004	0.1	other	Wisconsin
2004	0.09	other	Wisconsin
2004	49.7	democrat	Wisconsin
2004	68.74	republican	Wyoming
2004	1.38	other	Wyoming
2004	0.48	other	Wyoming
2004	0.2	other	Wyoming
2004	0.18	other	Wyoming
2004	29.02	democrat	Wyoming
2008	60.32	republican	Alabama
2008	38.74	democrat	Alabama
2008	59.42	republican	Alaska
2008	1.16	other	Alaska
2008	0.51	other	Alaska
2008	0.49	other	Alaska
2008	37.89	democrat	Alaska
2008	53.64	republican	Arizona
2008	0.55	other	Arizona
2008	0.49	other	Arizona
2008	0.15	other	Arizona
2008	45.12	democrat	Arizona
2008	58.72	republican	Arkansas
2008	1.19	other	Arkansas
2008	0.44	other	Arkansas
2008	0.37	other	Arkansas
2008	0.32	other	Arkansas
2008	0.1	other	Arkansas
2008	38.86	democrat	Arkansas
2008	36.95	republican	California
2008	0.8	other	California
2008	0.5	other	California
2008	0.3	other	California
2008	0.29	other	California
2008	61.01	democrat	California
2008	44.71	republican	Colorado
2008	0.56	other	Colorado
2008	0.45	other	Colorado
2008	0.26	other	Colorado
2008	0.13	other	Colorado
2008	0.12	other	Colorado
2008	0.03	other	Colorado
2008	0.02	other	Colorado
2008	0.01	other	Colorado
2008	0.01	other	Colorado
2008	0.01	other	Colorado
2008	0.01	other	Colorado
2008	0.01	other	Colorado
2008	0	other	Colorado
2008	0	other	Colorado
2008	53.66	democrat	Colorado
2008	38.22	republican	Connecticut
2008	1.16	other	Connecticut
2008	60.59	democrat	Connecticut
2008	36.95	republican	Delaware
2008	0.58	other	Delaware
2008	0.27	other	Delaware
2008	0.15	other	Delaware
2008	0.09	other	Delaware
2008	0.01	other	Delaware
2008	61.94	democrat	Delaware
2008	6.53	republican	District of Columbia
2008	0.36	other	District of Columbia
2008	0.22	other	District of Columbia
2008	92.46	democrat	District of Columbia
2008	48.22	republican	Florida
2008	0.34	other	Florida
2008	0.21	other	Florida
2008	0.09	other	Florida
2008	0.03	other	Florida
2008	0.03	other	Florida
2008	0.02	other	Florida
2008	0.01	other	Florida
2008	0.01	other	Florida
2008	0	other	Florida
2008	0	other	Florida
2008	0	other	Florida
2008	51.03	democrat	Florida
2008	52.2	republican	Georgia
2008	0.73	other	Georgia
2008	46.99	democrat	Georgia
2008	26.44	republican	Hawaii
2008	0.84	other	Hawaii
2008	0.48	other	Hawaii
2008	0.29	other	Hawaii
2008	0.22	other	Hawaii
2008	0.21	other	Hawaii
2008	0.07	other	Hawaii
2008	71.45	democrat	Hawaii
2008	61.52	republican	Idaho
2008	1.1	other	Idaho
2008	0.72	other	Idaho
2008	0.56	other	Idaho
2008	36.09	democrat	Idaho
2008	36.78	republican	Illinois
2008	0.56	other	Illinois
2008	0.36	other	Illinois
2008	0.21	other	Illinois
2008	0.15	other	Illinois
2008	61.92	democrat	Illinois
2008	48.91	republican	Indiana
2008	1.06	other	Indiana
2008	0.03	other	Indiana
2008	49.95	democrat	Indiana
2008	44.39	republican	Iowa
2008	0.52	other	Iowa
2008	0.3	other	Iowa
2008	0.29	other	Iowa
2008	0.09	other	Iowa
2008	0.02	other	Iowa
2008	0.01	other	Iowa
2008	0.01	other	Iowa
2008	53.93	democrat	Iowa
2008	56.61	republican	Kansas
2008	0.86	other	Kansas
2008	0.54	other	Kansas
2008	0.34	other	Kansas
2008	41.65	democrat	Kansas
2008	57.4	republican	Kentucky
2008	0.84	other	Kentucky
2008	0.33	other	Kentucky
2008	0.26	other	Kentucky
2008	41.17	democrat	Kentucky
2008	58.56	republican	Louisiana
2008	0.48	other	Louisiana
2008	0.47	other	Louisiana
2008	0.36	other	Louisiana
2008	0.13	other	Louisiana
2008	0.04	other	Louisiana
2008	0.02	other	Louisiana
2008	0.01	other	Louisiana
2008	39.93	democrat	Louisiana
2008	40.38	republican	Maine
2008	1.45	other	Maine
2008	0.4	other	Maine
2008	0.06	other	Maine
2008	57.71	democrat	Maine
2008	36.47	republican	Maryland
2008	0.56	other	Maryland
2008	0.37	other	Maryland
2008	0.18	other	Maryland
2008	0.14	other	Maryland
2008	61.92	democrat	Maryland
2008	35.73	republican	Massachusetts
2008	0.93	other	Massachusetts
2008	0.71	other	Massachusetts
2008	0.47	other	Massachusetts
2008	0.43	other	Massachusetts
2008	0.21	other	Massachusetts
2008	0.16	other	Massachusetts
2008	61.36	democrat	Massachusetts
2008	40.96	republican	Michigan
2008	0.66	other	Michigan
2008	0.47	other	Michigan
2008	0.29	other	Michigan
2008	0.18	other	Michigan
2008	57.43	democrat	Michigan
2008	43.82	republican	Minnesota
2008	1.04	other	Minnesota
2008	0.32	other	Minnesota
2008	0.23	other	Minnesota
2008	0.18	other	Minnesota
2008	0.03	other	Minnesota
2008	54.06	democrat	Minnesota
2008	56.18	republican	Mississippi
2008	0.31	other	Mississippi
2008	0.2	other	Mississippi
2008	0.2	other	Mississippi
2008	0.08	other	Mississippi
2008	0.04	other	Mississippi
2008	43	democrat	Mississippi
2008	49.43	republican	Missouri
2008	0.61	other	Missouri
2008	0.39	other	Missouri
2008	0.28	other	Missouri
2008	0	other	Missouri
2008	49.29	democrat	Missouri
2008	49.53	republican	Montana
2008	2.17	other	Montana
2008	0.75	other	Montana
2008	0.28	other	Montana
2008	47.27	democrat	Montana
2008	56.53	republican	Nebraska
2008	0.67	other	Nebraska
2008	0.37	other	Nebraska
2008	0.34	other	Nebraska
2008	0.13	other	Nebraska
2008	41.6	democrat	Nebraska
2008	42.65	republican	Nevada
2008	0.65	other	Nevada
2008	0.64	other	Nevada
2008	0.44	other	Nevada
2008	0.33	other	Nevada
2008	0.15	other	Nevada
2008	55.15	democrat	Nevada
2008	44.52	republican	New Hampshire
2008	0.49	other	New Hampshire
2008	0.39	other	New Hampshire
2008	54.13	democrat	New Hampshire
2008	41.7	republican	New Jersey
2008	0.55	other	New Jersey
2008	0.22	other	New Jersey
2008	0.1	other	New Jersey
2008	0.09	other	New Jersey
2008	0.02	other	New Jersey
2008	0.02	other	New Jersey
2008	0.01	other	New Jersey
2008	0.01	other	New Jersey
2008	57.27	democrat	New Jersey
2008	41.78	republican	New Mexico
2008	0.64	other	New Mexico
2008	0.29	other	New Mexico
2008	0.19	other	New Mexico
2008	0.19	other	New Mexico
2008	56.91	democrat	New Mexico
2008	31.32	republican	New York
2008	2.21	other	New York
2008	2.12	other	New York
2008	2.07	other	New York
2008	1.1	other	New York
2008	0.53	other	New York
2008	0.25	other	New York
2008	0.17	other	New York
2008	0.05	other	New York
2008	0.02	other	New York
2008	60.16	democrat	New York
2008	49.37	republican	North Carolina
2008	0.6	other	North Carolina
2008	0.04	other	North Carolina
2008	49.7	democrat	North Carolina
2008	53.25	republican	North Dakota
2008	1.32	other	North Dakota
2008	0.43	other	North Dakota
2008	0.38	other	North Dakota
2008	44.62	democrat	North Dakota
2008	46.91	republican	Ohio
2008	0.81	other	Ohio
2008	0.35	other	Ohio
2008	0.22	other	Ohio
2008	0.15	other	Ohio
2008	0.05	other	Ohio
2008	51.5	democrat	Ohio
2008	65.65	republican	Oklahoma
2008	34.35	democrat	Oklahoma
2008	40.4	republican	Oregon
2008	1.02	other	Oregon
2008	0.74	other	Oregon
2008	0.42	other	Oregon
2008	0.25	other	Oregon
2008	56.75	democrat	Oregon
2008	44.17	republican	Pennsylvania
2008	0.71	other	Pennsylvania
2008	0.33	other	Pennsylvania
2008	0.14	other	Pennsylvania
2008	54.49	democrat	Pennsylvania
2008	35.06	republican	Rhode Island
2008	1.02	other	Rhode Island
2008	0.29	other	Rhode Island
2008	0.17	other	Rhode Island
2008	0.14	other	Rhode Island
2008	0.03	other	Rhode Island
2008	62.86	democrat	Rhode Island
2008	53.87	republican	South Carolina
2008	0.38	other	South Carolina
2008	0.36	other	South Carolina
2008	0.26	other	South Carolina
2008	0.23	other	South Carolina
2008	44.9	democrat	South Carolina
2008	53.16	republican	South Dakota
2008	1.12	other	South Dakota
2008	0.5	other	South Dakota
2008	0.48	other	South Dakota
2008	44.75	democrat	South Dakota
2008	56.9	republican	Tennessee
2008	41.83	democrat	Tennessee
2008	55.45	republican	Texas
2008	0.69	other	Texas
2008	0.07	other	Texas
2008	43.68	democrat	Texas
2008	62.58	republican	Utah
2008	1.26	other	Utah
2008	0.88	other	Utah
2008	0.73	other	Utah
2008	0.1	other	Utah
2008	0.03	other	Utah
2008	34.41	democrat	Utah
2008	30.45	republican	Vermont
2008	1.03	other	Vermont
2008	0.33	other	Vermont
2008	0.15	other	Vermont
2008	0.05	other	Vermont
2008	0.05	other	Vermont
2008	0.04	other	Vermont
2008	67.46	democrat	Vermont
2008	46.33	republican	Virginia
2008	0.31	other	Virginia
2008	0.3	other	Virginia
2008	0.2	other	Virginia
2008	0.06	other	Virginia
2008	52.63	democrat	Virginia
2008	40.48	republican	Washington
2008	0.97	other	Washington
2008	0.42	other	Washington
2008	0.31	other	Washington
2008	0.13	other	Washington
2008	0.02	other	Washington
2008	0.02	other	Washington
2008	57.65	democrat	Washington
2008	55.71	republican	West Virginia
2008	1.01	other	West Virginia
2008	0.35	other	West Virginia
2008	0.33	other	West Virginia
2008	42.59	democrat	West Virginia
2008	42.31	republican	Wisconsin
2008	0.59	other	Wisconsin
2008	0.3	other	Wisconsin
2008	0.22	other	Wisconsin
2008	0.17	other	Wisconsin
2008	0.14	other	Wisconsin
2008	0.03	other	Wisconsin
2008	0.02	other	Wisconsin
2008	0.01	other	Wisconsin
2008	56.22	democrat	Wisconsin
2008	64.71	republican	Wyoming
2008	0.63	other	Wyoming
2008	0.1	other	Wyoming
2008	32.51	democrat	Wyoming
2012	60.55	republican	Alabama
2012	38.36	democrat	Alabama
2012	54.8	republican	Alaska
2012	2.46	other	Alaska
2012	0.97	other	Alaska
2012	40.81	democrat	Alaska
2012	53.65	republican	Arizona
2012	1.4	other	Arizona
2012	0.34	other	Arizona
2012	44.59	democrat	Arizona
2012	60.57	republican	Arkansas
2012	1.52	other	Arkansas
2012	0.87	other	Arkansas
2012	0.16	other	Arkansas
2012	36.88	democrat	Arkansas
2012	37.12	republican	California
2012	1.1	other	California
2012	0.66	other	California
2012	0.41	other	California
2012	0.29	other	California
2012	60.24	democrat	California
2012	46.13	republican	Colorado
2012	1.38	other	Colorado
2012	0.29	other	Colorado
2012	0.24	other	Colorado
2012	0.2	other	Colorado
2012	0.1	other	Colorado
2012	0.05	other	Colorado
2012	0.03	other	Colorado
2012	0.03	other	Colorado
2012	0.01	other	Colorado
2012	0.01	other	Colorado
2012	0.01	other	Colorado
2012	0.01	other	Colorado
2012	0.01	other	Colorado
2012	0.01	other	Colorado
2012	51.49	democrat	Colorado
2012	40.75	republican	Connecticut
2012	0.79	other	Connecticut
2012	58.09	democrat	Connecticut
2012	39.98	republican	Delaware
2012	0.94	other	Delaware
2012	0.47	other	Delaware
2012	58.61	democrat	Delaware
2012	7.28	republican	District of Columbia
2012	0.84	other	District of Columbia
2012	0.71	other	District of Columbia
2012	90.91	democrat	District of Columbia
2012	49.13	republican	Florida
2012	0.53	other	Florida
2012	0.11	other	Florida
2012	0.1	other	Florida
2012	0.05	other	Florida
2012	0.03	other	Florida
2012	0.02	other	Florida
2012	0.01	other	Florida
2012	0.01	other	Florida
2012	0.01	other	Florida
2012	0	other	Florida
2012	50.01	democrat	Florida
2012	53.33	republican	Georgia
2012	1.16	other	Georgia
2012	45.51	democrat	Georgia
2012	27.68	republican	Hawaii
2012	0.88	other	Hawaii
2012	0.73	other	Hawaii
2012	0.51	other	Hawaii
2012	0.05	other	Hawaii
2012	70.15	democrat	Hawaii
2012	64.53	republican	Idaho
2012	1.45	other	Idaho
2012	0.34	other	Idaho
2012	32.62	democrat	Idaho
2012	40.73	republican	Illinois
2012	1.07	other	Illinois
2012	0.58	other	Illinois
2012	57.6	democrat	Illinois
2012	54.13	republican	Indiana
2012	1.91	other	Indiana
2012	43.93	democrat	Indiana
2012	46.18	republican	Iowa
2012	0.82	other	Iowa
2012	0.24	other	Iowa
2012	0.19	other	Iowa
2012	0.03	other	Iowa
2012	0.02	other	Iowa
2012	51.99	democrat	Iowa
2012	59.71	republican	Kansas
2012	1.76	other	Kansas
2012	0.43	other	Kansas
2012	37.99	democrat	Kansas
2012	60.49	republican	Kentucky
2012	0.95	other	Kentucky
2012	0.38	other	Kentucky
2012	0.35	other	Kentucky
2012	37.8	democrat	Kentucky
2012	57.78	republican	Louisiana
2012	0.91	other	Louisiana
2012	0.35	other	Louisiana
2012	0.13	other	Louisiana
2012	0.09	other	Louisiana
2012	0.07	other	Louisiana
2012	0.03	other	Louisiana
2012	0.03	other	Louisiana
2012	0.02	other	Louisiana
2012	0.02	other	Louisiana
2012	40.58	democrat	Louisiana
2012	40.33	republican	Maine
2012	1.6	other	Maine
2012	1.29	other	Maine
2012	1.12	other	Maine
2012	55.37	democrat	Maine
2012	35.9	republican	Maryland
2012	1.12	other	Maryland
2012	0.63	other	Maryland
2012	61.97	democrat	Maryland
2012	37.32	republican	Massachusetts
2012	0.97	other	Massachusetts
2012	0.65	other	Massachusetts
2012	0.52	other	Massachusetts
2012	0.21	other	Massachusetts
2012	60.34	democrat	Massachusetts
2012	44.71	republican	Michigan
2012	0.46	other	Michigan
2012	0.34	other	Michigan
2012	0.11	other	Michigan
2012	54.21	democrat	Michigan
2012	44.96	republican	Minnesota
2012	52.65	other	Minnesota
2012	1.2	other	Minnesota
2012	0.44	other	Minnesota
2012	0.13	other	Minnesota
2012	0.11	other	Minnesota
2012	0.07	other	Minnesota
2012	0.04	other	Minnesota
2012	0.04	other	Minnesota
2012	0.01	other	Minnesota
2012	55.29	republican	Mississippi
2012	0.52	other	Mississippi
2012	0.2	other	Mississippi
2012	0.12	other	Mississippi
2012	0.08	other	Mississippi
2012	43.79	democrat	Mississippi
2012	53.76	republican	Missouri
2012	1.56	other	Missouri
2012	0.29	other	Missouri
2012	44.38	democrat	Missouri
2012	55.35	republican	Montana
2012	2.93	other	Montana
2012	41.7	democrat	Montana
2012	59.8	republican	Nebraska
2012	1.4	other	Nebraska
2012	38.03	democrat	Nebraska
2012	45.68	republican	Nevada
2012	1.08	other	Nevada
2012	0.57	other	Nevada
2012	0.32	other	Nevada
2012	52.36	democrat	Nevada
2012	46.4	republican	New Hampshire
2012	1.16	other	New Hampshire
2012	0.12	other	New Hampshire
2012	0.1	other	New Hampshire
2012	51.98	democrat	New Hampshire
2012	40.62	republican	New Jersey
2012	0.58	other	New Jersey
2012	0.27	other	New Jersey
2012	0.06	other	New Jersey
2012	0.05	other	New Jersey
2012	0.03	other	New Jersey
2012	0.02	other	New Jersey
2012	0.02	other	New Jersey
2012	0.01	other	New Jersey
2012	58.34	democrat	New Jersey
2012	42.84	republican	New Mexico
2012	3.55	other	New Mexico
2012	0.34	other	New Mexico
2012	0.13	other	New Mexico
2012	52.99	democrat	New Mexico
2012	31.24	republican	New York
2012	3.68	other	New York
2012	2.07	other	New York
2012	0.9	other	New York
2012	0.66	other	New York
2012	0.56	other	New York
2012	0.09	other	New York
2012	0.03	other	New York
2012	60.76	democrat	New York
2012	50.39	republican	North Carolina
2012	0.99	other	North Carolina
2012	48.35	democrat	North Carolina
2012	58.32	republican	North Dakota
2012	1.62	other	North Dakota
2012	0.42	other	North Dakota
2012	0.37	other	North Dakota
2012	38.7	democrat	North Dakota
2012	47.69	republican	Ohio
2012	0.89	other	Ohio
2012	0.33	other	Ohio
2012	0.22	other	Ohio
2012	0.15	other	Ohio
2012	0.05	other	Ohio
2012	50.67	democrat	Ohio
2012	66.77	republican	Oklahoma
2012	33.23	democrat	Oklahoma
2012	42.15	republican	Oregon
2012	1.35	other	Oregon
2012	1.09	other	Oregon
2012	0.74	other	Oregon
2012	0.25	other	Oregon
2012	0.19	other	Oregon
2012	54.24	democrat	Oregon
2012	46.68	republican	Pennsylvania
2012	0.87	other	Pennsylvania
2012	0.37	other	Pennsylvania
2012	52.08	democrat	Pennsylvania
2012	35.24	republican	Rhode Island
2012	0.98	other	Rhode Island
2012	0.54	other	Rhode Island
2012	0.1	other	Rhode Island
2012	0.09	other	Rhode Island
2012	0.03	other	Rhode Island
2012	62.7	democrat	Rhode Island
2012	54.56	republican	South Carolina
2012	0.83	other	South Carolina
2012	0.28	other	South Carolina
2012	0.24	other	South Carolina
2012	44.09	democrat	South Carolina
2012	57.89	republican	South Dakota
2012	1.59	other	South Dakota
2012	0.65	other	South Dakota
2012	39.87	democrat	South Dakota
2012	59.48	republican	Tennessee
2012	0.26	other	Tennessee
2012	0.24	other	Tennessee
2012	39.08	democrat	Tennessee
2012	57.17	republican	Texas
2012	1.11	other	Texas
2012	0.31	other	Texas
2012	41.38	democrat	Texas
2012	72.79	republican	Utah
2012	1.24	other	Utah
2012	0.52	other	Utah
2012	0.38	other	Utah
2012	0.28	other	Utah
2012	24.75	democrat	Utah
2012	30.97	republican	Vermont
2012	1.17	other	Vermont
2012	0.38	other	Vermont
2012	0.23	other	Vermont
2012	66.57	democrat	Vermont
2012	47.28	republican	Virginia
2012	0.81	other	Virginia
2012	0.34	other	Virginia
2012	0.22	other	Virginia
2012	51.16	democrat	Virginia
2012	41.29	republican	Washington
2012	1.35	other	Washington
2012	0.67	other	Washington
2012	0.28	other	Washington
2012	0.16	other	Washington
2012	0.04	other	Washington
2012	0.04	other	Washington
2012	56.16	democrat	Washington
2012	62.3	republican	West Virginia
2012	0.94	other	West Virginia
2012	0.66	other	West Virginia
2012	35.54	democrat	West Virginia
2012	45.94	republican	Wisconsin
2012	0.17	other	Wisconsin
2012	0.16	other	Wisconsin
2012	52.78	democrat	Wisconsin
2012	68.19	republican	Wyoming
2012	2.12	other	Wyoming
2012	0.58	other	Wyoming
2012	0.55	other	Wyoming
2012	0.11	other	Wyoming
2012	27.64	democrat	Wyoming
2016	62.08	republican	Alabama
2016	2.09	other	Alabama
2016	0.44	other	Alabama
2016	34.36	democrat	Alabama
2016	51.28	republican	Alaska
2016	5.88	other	Alaska
2016	1.8	other	Alaska
2016	1.21	other	Alaska
2016	0.39	other	Alaska
2016	36.55	democrat	Alaska
2016	48.67	republican	Arizona
2016	4.13	other	Arizona
2016	1.33	other	Arizona
2016	0.04	other	Arizona
2016	0	other	Arizona
2016	0	other	Arizona
2016	45.13	democrat	Arizona
2016	60.57	republican	Arkansas
2016	2.64	other	Arkansas
2016	1.17	other	Arkansas
2016	0.84	other	Arkansas
2016	0.42	other	Arkansas
2016	0.41	other	Arkansas
2016	0.3	other	Arkansas
2016	33.65	democrat	Arkansas
2016	31.62	republican	California
2016	3.37	other	California
2016	1.96	other	California
2016	0.47	other	California
2016	61.73	democrat	California
2016	43.25	republican	Colorado
2016	5.18	other	Colorado
2016	1.38	other	Colorado
2016	1.13	other	Colorado
2016	0.42	other	Colorado
2016	0.18	other	Colorado
2016	0.05	other	Colorado
2016	0.04	other	Colorado
2016	0.03	other	Colorado
2016	0.03	other	Colorado
2016	0.03	other	Colorado
2016	0.03	other	Colorado
2016	0.02	other	Colorado
2016	0.02	other	Colorado
2016	0.01	other	Colorado
2016	0.01	other	Colorado
2016	0.01	other	Colorado
2016	0.01	other	Colorado
2016	0.01	other	Colorado
2016	48.16	democrat	Colorado
2016	40.93	republican	Connecticut
2016	2.96	other	Connecticut
2016	1.39	other	Connecticut
2016	54.57	democrat	Connecticut
2016	41.92	republican	Delaware
2016	3.34	other	Delaware
2016	1.38	other	Delaware
2016	53.35	democrat	Delaware
2016	4.07	republican	District of Columbia
2016	1.57	other	District of Columbia
2016	1.36	other	District of Columbia
2016	0.34	other	District of Columbia
2016	0.08	other	District of Columbia
2016	90.48	democrat	District of Columbia
2016	49.02	republican	Florida
2016	2.2	other	Florida
2016	0.68	other	Florida
2016	0.17	other	Florida
2016	0.1	other	Florida
2016	47.82	democrat	Florida
2016	50.77	republican	Georgia
2016	3.05	other	Georgia
2016	45.64	democrat	Georgia
2016	29.44	republican	Hawaii
2016	3.65	other	Hawaii
2016	2.91	other	Hawaii
2016	1.89	other	Hawaii
2016	1.03	other	Hawaii
2016	0.1	other	Hawaii
2016	60.98	democrat	Hawaii
2016	59.26	republican	Idaho
2016	8.8	other	Idaho
2016	4.1	other	Idaho
2016	0.34	other	Idaho
2016	27.49	democrat	Idaho
2016	38.76	republican	Illinois
2016	3.79	other	Illinois
2016	1.39	other	Illinois
2016	55.83	democrat	Illinois
2016	56.94	republican	Indiana
2016	4.9	other	Indiana
2016	0.07	other	Indiana
2016	0	other	Indiana
2016	37.77	democrat	Indiana
2016	51.16	republican	Iowa
2016	3.78	other	Iowa
2016	0.79	other	Iowa
2016	0.73	other	Iowa
2016	0.34	other	Iowa
2016	0.14	other	Iowa
2016	0.14	other	Iowa
2016	0.02	other	Iowa
2016	41.75	democrat	Iowa
2016	56.65	republican	Kansas
2016	4.68	other	Kansas
2016	1.98	other	Kansas
2016	36.05	democrat	Kansas
2016	62.52	republican	Kentucky
2016	2.79	other	Kentucky
2016	1.18	other	Kentucky
2016	0.72	other	Kentucky
2016	0.06	other	Kentucky
2016	32.68	democrat	Kentucky
2016	58.09	republican	Louisiana
2016	1.87	other	Louisiana
2016	0.9	other	Louisiana
2016	0.69	other	Louisiana
2016	38.45	democrat	Louisiana
2016	43.48	republican	Maine
2016	4.94	other	Maine
2016	3.1	other	Maine
2016	1.85	other	Maine
2016	46.35	democrat	Maine
2016	33.91	republican	Maryland
2016	0.01	republican	Maryland
2016	2.86	other	Maryland
2016	1.29	other	Maryland
2016	0.39	other	Maryland
2016	60.33	democrat	Maryland
2016	0	democrat	Maryland
2016	32.29	republican	Massachusetts
2016	4.08	other	Massachusetts
2016	1.59	other	Massachusetts
2016	1.49	other	Massachusetts
2016	1.41	other	Massachusetts
2016	59.05	democrat	Massachusetts
2016	47.5	republican	Michigan
2016	3.59	other	Michigan
2016	1.07	other	Michigan
2016	0.34	other	Michigan
2016	0.05	other	Michigan
2016	47.27	democrat	Michigan
2016	44.93	republican	Minnesota
2016	3.84	other	Minnesota
2016	1.8	other	Minnesota
2016	1.26	other	Minnesota
2016	0.38	other	Minnesota
2016	0.32	other	Minnesota
2016	0.06	other	Minnesota
2016	0.05	other	Minnesota
2016	46.45	democrat	Minnesota
2016	57.94	republican	Mississippi
2016	1.19	other	Mississippi
2016	0.33	other	Mississippi
2016	0.31	other	Mississippi
2016	0.06	other	Mississippi
2016	0.05	other	Mississippi
2016	40.11	democrat	Mississippi
2016	56.77	republican	Missouri
2016	3.47	other	Missouri
2016	0.91	other	Missouri
2016	0.47	other	Missouri
2016	38.14	democrat	Missouri
2016	56.47	republican	Montana
2016	5.67	other	Montana
2016	1.61	other	Montana
2016	0.32	other	Montana
2016	35.94	democrat	Montana
2016	58.75	republican	Nebraska
2016	4.61	other	Nebraska
2016	1.04	other	Nebraska
2016	33.7	democrat	Nebraska
2016	45.5	republican	Nevada
2016	3.32	other	Nevada
2016	2.56	other	Nevada
2016	0.47	other	Nevada
2016	0.23	other	Nevada
2016	47.92	democrat	Nevada
2016	46.46	republican	New Hampshire
2016	4.14	other	New Hampshire
2016	0.87	other	New Hampshire
2016	0.32	other	New Hampshire
2016	0.09	other	New Hampshire
2016	46.83	democrat	New Hampshire
2016	41.35	republican	New Jersey
2016	1.87	other	New Jersey
2016	0.98	other	New Jersey
2016	0.16	other	New Jersey
2016	0.06	other	New Jersey
2016	0.05	other	New Jersey
2016	0.05	other	New Jersey
2016	0.04	other	New Jersey
2016	55.45	democrat	New Jersey
2016	40.04	republican	New Mexico
2016	9.34	other	New Mexico
2016	1.24	other	New Mexico
2016	0.73	other	New Mexico
2016	0.19	other	New Mexico
2016	0.15	other	New Mexico
2016	0.06	other	New Mexico
2016	48.26	democrat	New Mexico
2016	32.39	republican	New York
2016	3.75	other	New York
2016	1.79	other	New York
2016	1.53	other	New York
2016	1.38	other	New York
2016	0.99	other	New York
2016	0.74	other	New York
2016	0.62	other	New York
2016	0.47	other	New York
2016	0.04	other	New York
2016	56.14	democrat	New York
2016	49.83	republican	North Carolina
2016	2.74	other	North Carolina
2016	1	other	North Carolina
2016	46.17	democrat	North Carolina
2016	62.96	republican	North Dakota
2016	6.22	other	North Dakota
2016	1.1	other	North Dakota
2016	0.53	other	North Dakota
2016	0.11	other	North Dakota
2016	27.23	democrat	North Dakota
2016	51.69	republican	Ohio
2016	0.84	other	Ohio
2016	43.56	democrat	Ohio
2016	65.32	republican	Oklahoma
2016	5.75	other	Oklahoma
2016	28.93	democrat	Oklahoma
2016	39.09	republican	Oregon
2016	4.71	other	Oregon
2016	3.63	other	Oregon
2016	2.5	other	Oregon
2016	50.07	democrat	Oregon
2016	48.58	republican	Pennsylvania
2016	2.4	other	Pennsylvania
2016	0.82	other	Pennsylvania
2016	0.35	other	Pennsylvania
2016	47.85	democrat	Pennsylvania
2016	38.9	republican	Rhode Island
2016	3.18	other	Rhode Island
2016	1.34	other	Rhode Island
2016	0.14	other	Rhode Island
2016	54.41	democrat	Rhode Island
2016	54.94	republican	South Carolina
2016	2.34	other	South Carolina
2016	1	other	South Carolina
2016	0.62	other	South Carolina
2016	0.27	other	South Carolina
2016	0.15	other	South Carolina
2016	40.67	democrat	South Carolina
2016	61.53	republican	South Dakota
2016	5.63	other	South Dakota
2016	1.1	other	South Dakota
2016	31.74	democrat	South Dakota
2016	60.72	republican	Tennessee
2016	34.72	democrat	Tennessee
2016	52.23	republican	Texas
2016	3.16	other	Texas
2016	0.8	other	Texas
2016	43.24	democrat	Texas
2016	45.54	republican	Utah
2016	22.55	other	Utah
2016	3.5	other	Utah
2016	0.71	other	Utah
2016	0.24	other	Utah
2016	27.46	democrat	Utah
2016	29.76	republican	Vermont
2016	3.14	other	Vermont
2016	2.11	other	Vermont
2016	1.43	other	Vermont
2016	0.33	other	Vermont
2016	0.26	other	Vermont
2016	0.1	other	Vermont
2016	55.72	democrat	Vermont
2016	44.43	republican	Virginia
2016	2.97	other	Virginia
2016	1.36	other	Virginia
2016	0.69	other	Virginia
2016	49.75	democrat	Virginia
2016	36.83	republican	Washington
2016	4.85	other	Washington
2016	1.76	other	Washington
2016	0.53	other	Washington
2016	0.13	other	Washington
2016	0.11	other	Washington
2016	52.54	democrat	Washington
2016	68.63	republican	West Virginia
2016	3.23	other	West Virginia
2016	1.13	other	West Virginia
2016	0.53	other	West Virginia
2016	26.48	democrat	West Virginia
2016	47.22	republican	Wisconsin
2016	3.58	other	Wisconsin
2016	1.04	other	Wisconsin
2016	0.76	other	Wisconsin
2016	0.41	other	Wisconsin
2016	0.06	other	Wisconsin
2016	0.05	other	Wisconsin
2016	46.45	democrat	Wisconsin
2016	67.4	republican	Wyoming
2016	5.13	other	Wyoming
2016	1.03	other	Wyoming
2016	0.79	other	Wyoming
2016	0.11	other	Wyoming
2016	21.63	democrat	Wyoming